[2026-03-12T11:40:14.886Z] [Socket-SETUP] User 6996adb45e25a10f4831078d joined personal room. Socket: dE_lv6VS9qq8L6vgAAAB
[2026-03-12T11:40:15.973Z] [Socket-SETUP] User 6996adb45e25a10f4831078d joined personal room. Socket: 8iBHWI7ntnPh8AGhAAAD
[2026-03-12T11:40:16.098Z] [Socket-SETUP] User 6996adb45e25a10f4831078d joined personal room. Socket: 8iBHWI7ntnPh8AGhAAAD
[2026-03-12T11:40:16.189Z] [Socket-SETUP] User 69774857485a231537194d64 joined personal room. Socket: cexeuMHnbU6dCDQLAAAF
[2026-03-12T11:40:17.606Z] [Socket-SETUP] User 69774857485a231537194d64 joined personal room. Socket: pm4f6OfOX2vdSm2ZAAAH
[2026-03-12T11:40:18.474Z] [Socket-SETUP] User 6996adb45e25a10f4831078d joined personal room. Socket: efex7-Ofl8fGXWysAAAJ
[2026-03-12T11:40:18.885Z] [Socket-SETUP] User 69774857485a231537194d64 joined personal room. Socket: wVXUhCuY6cPB5hAkAAAL
[2026-03-12T11:40:18.888Z] [Socket-SETUP] User 69774857485a231537194d64 joined personal room. Socket: wVXUhCuY6cPB5hAkAAAL
[2026-03-12T11:40:19.689Z] [Socket-SETUP] User 6996adb45e25a10f4831078d joined personal room. Socket: VniPACMp4pIgOQkmAAAN
[2026-03-12T11:43:33.438Z] [Socket-SETUP] User 69774857485a231537194d64 joined personal room. Socket: m3DjfczSCBau7f9TAAAB
[2026-03-12T11:43:33.457Z] [Socket-SETUP] User 69774857485a231537194d64 joined personal room. Socket: O2ZZL9uD_W753iicAAAD
[2026-03-12T11:43:33.461Z] [Socket-SETUP] User 69774857485a231537194d64 joined personal room. Socket: O2ZZL9uD_W753iicAAAD
[2026-03-12T11:43:34.175Z] [Socket-SETUP] User 69774857485a231537194d64 joined personal room. Socket: WctwZtU1138FPGu7AAAF
[2026-03-12T11:43:34.630Z] [Socket-SETUP] User 6996adb45e25a10f4831078d joined personal room. Socket: PZ__Ll9-Bq5rKE0EAAAH
[2026-03-12T11:43:35.515Z] [Socket-SETUP] User 6996adb45e25a10f4831078d joined personal room. Socket: LzO4gfycQVaGWpyeAAAJ
[2026-03-12T11:43:36.241Z] [Socket-SETUP] User 6996adb45e25a10f4831078d joined personal room. Socket: 4gTgGls9QGHuZVohAAAN
[2026-03-12T11:43:36.246Z] [Socket-SETUP] User 6996adb45e25a10f4831078d joined personal room. Socket: 5hRLPPfT0o83ou6PAAAM
[2026-03-12T11:43:36.257Z] [Socket-SETUP] User 6996adb45e25a10f4831078d joined personal room. Socket: 4gTgGls9QGHuZVohAAAN
[2026-03-12T11:44:02.415Z] [Socket-SETUP] User 69774857485a231537194d64 joined personal room. Socket: qAfoBUNF6wXHafaAAAAP
[2026-03-12T11:44:02.539Z] [Socket-SETUP] User 69774857485a231537194d64 joined personal room. Socket: -LrNnFkSXf_OO_R_AAAR
[2026-03-12T11:44:02.542Z] [Socket-SETUP] User 69774857485a231537194d64 joined personal room. Socket: -LrNnFkSXf_OO_R_AAAR
[2026-03-12T11:44:33.366Z] [Socket-SETUP] User 6996adb45e25a10f4831078d joined personal room. Socket: 4L4WcYTNRT4fqplmAAAU
[2026-03-12T11:44:33.369Z] [Socket-SETUP] User 6996adb45e25a10f4831078d joined personal room. Socket: SffAVTk-HjHHGz6ZAAAV
[2026-03-12T11:44:35.079Z] [Socket-SETUP] User 6996adb45e25a10f4831078d joined personal room. Socket: SffAVTk-HjHHGz6ZAAAV
[2026-03-12T11:44:40.635Z] [Socket-SETUP] User 6996adb45e25a10f4831078d joined personal room. Socket: SffAVTk-HjHHGz6ZAAAV
[2026-03-12T11:44:46.396Z] [Socket-SETUP] User 69774857485a231537194d64 joined personal room. Socket: qAfoBUNF6wXHafaAAAAP
[2026-03-12T11:44:50.811Z] [Socket-SETUP] User 69774857485a231537194d64 joined personal room. Socket: f8Kfr-TAmx9ZLrTtAAAX
[2026-03-12T11:44:50.881Z] [Socket-SETUP] User 69774857485a231537194d64 joined personal room. Socket: cp5pNj7kv8t8ONJlAAAZ
[2026-03-12T11:44:50.885Z] [Socket-SETUP] User 69774857485a231537194d64 joined personal room. Socket: cp5pNj7kv8t8ONJlAAAZ
[2026-03-12T11:44:59.769Z] [Socket-SEND] Target: 69774857485a231537194d64 | Online: true | Message: 69b2a73beacf992f9b51b413
[2026-03-12T11:44:59.782Z] [Socket-SEND] Target: 6996adb45e25a10f4831078d | Online: true | Message: 69b2a73beacf992f9b51b413
[2026-03-12T11:45:30.806Z] [Socket-SETUP] User 69774857485a231537194d64 joined personal room. Socket: f8Kfr-TAmx9ZLrTtAAAX
[2026-03-12T11:45:59.292Z] [Socket-SETUP] User 69774857485a231537194d64 joined personal room. Socket: f8Kfr-TAmx9ZLrTtAAAX
[2026-03-12T11:48:23.186Z] [Socket-SETUP] User 69774857485a231537194d64 joined personal room. Socket: 5b5oesTqD88doHYTAAAB
[2026-03-12T11:48:23.190Z] [Socket-SETUP] User 69774857485a231537194d64 joined personal room. Socket: 5b5oesTqD88doHYTAAAB
[2026-03-12T11:48:23.752Z] [Socket-SETUP] User 6996adb45e25a10f4831078d joined personal room. Socket: kAWCB6cH0ndYfcWpAAAF
[2026-03-12T11:48:23.755Z] [Socket-SETUP] User 6996adb45e25a10f4831078d joined personal room. Socket: -xTfMCECRaIX2FjbAAAE
[2026-03-12T11:48:24.249Z] [Socket-SETUP] User 69774857485a231537194d64 joined personal room. Socket: E3qiJC4BldLwY37pAAAH
[2026-03-12T11:48:49.775Z] [Socket-SETUP] User 69774857485a231537194d64 joined personal room. Socket: E3qiJC4BldLwY37pAAAH
[2026-03-12T11:49:07.222Z] [Socket-SETUP] User 6996adb45e25a10f4831078d joined personal room. Socket: -xTfMCECRaIX2FjbAAAE
[2026-03-12T11:49:10.210Z] [Socket-SETUP] User 6996adb45e25a10f4831078d joined personal room. Socket: -xTfMCECRaIX2FjbAAAE
[2026-03-12T11:55:58.372Z] [Socket-SETUP] User 6996adb45e25a10f4831078d joined personal room. Socket: KowjxadgdMnOojBEAAAB
[2026-03-12T11:55:58.385Z] [Socket-SETUP] User 6996adb45e25a10f4831078d joined personal room. Socket: KowjxadgdMnOojBEAAAB
[2026-03-12T11:55:58.694Z] [Socket-SETUP] User 69774857485a231537194d64 joined personal room. Socket: xNxTQbR-cZ-0IraJAAAD
[2026-03-12T11:55:58.697Z] [Socket-SETUP] User 69774857485a231537194d64 joined personal room. Socket: xNxTQbR-cZ-0IraJAAAD
[2026-03-12T11:55:58.961Z] [Socket-SETUP] User 6996adb45e25a10f4831078d joined personal room. Socket: a1qx0N8rmObUeO4jAAAF
[2026-03-12T11:56:20.175Z] [Socket-SETUP] User 69774857485a231537194d64 joined personal room. Socket: -j6AJMBIVL0YDSOVAAAH
[2026-03-12T12:00:35.727Z] [Socket-SETUP] User 69774857485a231537194d64 joined personal room. Socket: eFLjqYXkDMvU_UVyAAAJ
[2026-03-12T12:00:35.804Z] [Socket-SETUP] User 69774857485a231537194d64 joined personal room. Socket: jY7HQ-44zSzNOkn3AAAL
[2026-03-12T12:00:35.807Z] [Socket-SETUP] User 69774857485a231537194d64 joined personal room. Socket: jY7HQ-44zSzNOkn3AAAL
[2026-03-12T12:00:53.916Z] [Socket-SETUP] User 6996adb45e25a10f4831078d joined personal room. Socket: AAO0vHPMHw8X0l-tAAAN
[2026-03-12T12:00:53.929Z] [Socket-SETUP] User 6996adb45e25a10f4831078d joined personal room. Socket: BTj3oeNfKRv9AhePAAAP
[2026-03-12T12:01:00.772Z] [Socket-SETUP] User 69774857485a231537194d64 joined personal room. Socket: eFLjqYXkDMvU_UVyAAAJ
[2026-03-12T12:01:05.168Z] [Socket-SETUP] User 69774857485a231537194d64 joined personal room. Socket: XSVaMmHmnMGI_05JAAAS
[2026-03-12T12:01:05.239Z] [Socket-SETUP] User 69774857485a231537194d64 joined personal room. Socket: Z_glUY2Kj8Ys-IYQAAAT
[2026-03-12T12:01:05.258Z] [Socket-SETUP] User 69774857485a231537194d64 joined personal room. Socket: Z_glUY2Kj8Ys-IYQAAAT
[2026-03-12T12:01:51.853Z] [Socket-SETUP] User 6996adb45e25a10f4831078d joined personal room. Socket: BTj3oeNfKRv9AhePAAAP
[2026-03-12T12:01:51.866Z] [Socket-SETUP] User 6996adb45e25a10f4831078d joined personal room. Socket: BTj3oeNfKRv9AhePAAAP
[2026-03-12T12:01:58.918Z] [Socket-SETUP] User 6996adb45e25a10f4831078d joined personal room. Socket: BTj3oeNfKRv9AhePAAAP
[2026-03-12T12:02:04.470Z] [Socket-SETUP] User 69774857485a231537194d64 joined personal room. Socket: Z_glUY2Kj8Ys-IYQAAAT
[2026-03-12T12:02:09.612Z] [Socket-SETUP] User 6996adb45e25a10f4831078d joined personal room. Socket: BTj3oeNfKRv9AhePAAAP
[2026-03-12T12:02:35.735Z] [Socket-SETUP] User 69774857485a231537194d64 joined personal room. Socket: Z_glUY2Kj8Ys-IYQAAAT
[2026-03-12T12:02:39.725Z] [Socket-SETUP] User 69774857485a231537194d64 joined personal room. Socket: Z_glUY2Kj8Ys-IYQAAAT
[2026-03-12T12:02:46.511Z] [Socket-SETUP] User 6996adb45e25a10f4831078d joined personal room. Socket: BTj3oeNfKRv9AhePAAAP
[2026-03-12T12:03:10.871Z] [Socket-SETUP] User 6996adb45e25a10f4831078d joined personal room. Socket: BTj3oeNfKRv9AhePAAAP
[2026-03-12T12:03:18.750Z] [Socket-SETUP] User 6996adb45e25a10f4831078d joined personal room. Socket: BTj3oeNfKRv9AhePAAAP
[2026-03-12T12:03:21.789Z] [Socket-SETUP] User 6996adb45e25a10f4831078d joined personal room. Socket: BTj3oeNfKRv9AhePAAAP
[2026-03-12T12:09:19.375Z] [Socket-SETUP] User 6996adb45e25a10f4831078d joined personal room. Socket: BTj3oeNfKRv9AhePAAAP
[2026-03-12T12:16:18.677Z] [Socket-SETUP] User 69774857485a231537194d64 joined personal room. Socket: SFBJR-oMmZBZ9B7IAAAB
[2026-03-12T12:16:21.364Z] [Socket-SETUP] User 6996adb45e25a10f4831078d joined personal room. Socket: a9Qk3GYL3-kviI82AAAD
[2026-03-12T12:16:22.135Z] [Socket-SETUP] User 6996adb45e25a10f4831078d joined personal room. Socket: Ebu_BnDLbxJY0pE8AAAF
[2026-03-12T12:16:22.910Z] [Socket-SETUP] User 69774857485a231537194d64 joined personal room. Socket: M57FZ_TzSl9wL6HGAAAH
[2026-03-12T12:16:22.921Z] [Socket-SETUP] User 69774857485a231537194d64 joined personal room. Socket: M57FZ_TzSl9wL6HGAAAH
[2026-03-12T12:19:09.130Z] [Socket-SETUP] User 69774857485a231537194d64 joined personal room. Socket: SoO9zaa_0vJpusiEAAAJ
[2026-03-12T12:19:09.252Z] [Socket-SETUP] User 69774857485a231537194d64 joined personal room. Socket: Zy6K9nAkj-XbOq0NAAAL
[2026-03-12T12:19:09.255Z] [Socket-SETUP] User 69774857485a231537194d64 joined personal room. Socket: Zy6K9nAkj-XbOq0NAAAL
[2026-03-12T12:19:28.315Z] [Socket-SETUP] User 6996adb45e25a10f4831078d joined personal room. Socket: kR62pnuZXcDekJzpAAAN
[2026-03-12T12:19:28.322Z] [Socket-SETUP] User 6996adb45e25a10f4831078d joined personal room. Socket: kR62pnuZXcDekJzpAAAN
[2026-03-12T12:20:30.686Z] [Socket-SETUP] User 69774857485a231537194d64 joined personal room. Socket: SoO9zaa_0vJpusiEAAAJ
[2026-03-12T12:20:35.634Z] [Socket-SETUP] User 69774857485a231537194d64 joined personal room. Socket: quCEJkYQWFq1hjxiAAAP
[2026-03-12T12:20:35.759Z] [Socket-SETUP] User 69774857485a231537194d64 joined personal room. Socket: gLCGURS8Jm451-eRAAAR
[2026-03-12T12:20:35.766Z] [Socket-SETUP] User 69774857485a231537194d64 joined personal room. Socket: gLCGURS8Jm451-eRAAAR
[2026-03-12T12:22:44.723Z] [Socket-SETUP] User 69774857485a231537194d64 joined personal room. Socket: gLCGURS8Jm451-eRAAAR
[2026-03-12T12:29:20.536Z] [Socket-SETUP] User 6996adb45e25a10f4831078d joined personal room. Socket: 9cFnckbFyJl60IH4AAAT
[2026-03-12T12:29:20.547Z] [Socket-SETUP] User 6996adb45e25a10f4831078d joined personal room. Socket: 9cFnckbFyJl60IH4AAAT
[2026-03-12T12:33:20.664Z] [Socket-SETUP] User 6996adb45e25a10f4831078d joined personal room. Socket: 9cFnckbFyJl60IH4AAAT
[2026-03-12T12:33:37.526Z] [Socket-SETUP] User 69774857485a231537194d64 joined personal room. Socket: gLCGURS8Jm451-eRAAAR
[2026-03-12T12:33:42.179Z] [Socket-SETUP] User 69774857485a231537194d64 joined personal room. Socket: gLCGURS8Jm451-eRAAAR
[2026-03-12T12:33:47.515Z] [Socket-SETUP] User 69774857485a231537194d64 joined personal room. Socket: gLCGURS8Jm451-eRAAAR
[2026-03-12T12:34:21.454Z] [Socket-SETUP] User 6996adb45e25a10f4831078d joined personal room. Socket: 9cFnckbFyJl60IH4AAAT
[2026-03-12T12:35:17.003Z] [Socket-SETUP] User 69774857485a231537194d64 joined personal room. Socket: rS-JO_obBeN5HjgDAAAV
[2026-03-12T12:35:17.082Z] [Socket-SETUP] User 69774857485a231537194d64 joined personal room. Socket: r8bS_Dz55qpmOJR3AAAX
[2026-03-12T12:35:36.750Z] [Socket-SETUP] User 6996adb45e25a10f4831078d joined personal room. Socket: 3jwvBxaQwAhIxo9fAAAZ
[2026-03-12T12:35:36.780Z] [Socket-SETUP] User 6996adb45e25a10f4831078d joined personal room. Socket: GcgDTraSSP3hdECkAAAb
[2026-03-12T12:35:39.028Z] [Socket-SETUP] User 6996adb45e25a10f4831078d joined personal room. Socket: GcgDTraSSP3hdECkAAAb
[2026-03-12T12:35:42.150Z] [Socket-SETUP] User 6996adb45e25a10f4831078d joined personal room. Socket: GcgDTraSSP3hdECkAAAb
[2026-03-12T12:36:18.246Z] [Socket-SETUP] User 69774857485a231537194d64 joined personal room. Socket: U9AFGjqMQkQlGrQPAAAd
[2026-03-12T12:36:18.664Z] [Socket-SETUP] User 69774857485a231537194d64 joined personal room. Socket: t4MSA28schREORF1AAAf
[2026-03-12T12:36:32.327Z] [Socket-SETUP] User 69774857485a231537194d64 joined personal room. Socket: t4MSA28schREORF1AAAf
[2026-03-12T12:36:39.445Z] [Socket-SETUP] User 6996adb45e25a10f4831078d joined personal room. Socket: GcgDTraSSP3hdECkAAAb
[2026-03-12T12:36:45.948Z] [Socket-SETUP] User 6996adb45e25a10f4831078d joined personal room. Socket: GcgDTraSSP3hdECkAAAb
[2026-03-12T12:36:47.280Z] [Socket-SETUP] User 6996adb45e25a10f4831078d joined personal room. Socket: GcgDTraSSP3hdECkAAAb
[2026-03-12T12:37:57.228Z] [Socket-SETUP] User 69774857485a231537194d64 joined personal room. Socket: ZAM_GXXKkEAgu_eDAAAi
[2026-03-12T12:37:57.249Z] [Socket-SETUP] User 69774857485a231537194d64 joined personal room. Socket: ZAM_GXXKkEAgu_eDAAAi
[2026-03-12T12:37:57.334Z] [Socket-SETUP] User 69774857485a231537194d64 joined personal room. Socket: MDUJep6SRTTzb8QtAAAj
[2026-03-12T12:38:35.845Z] [Socket-SETUP] User 69774857485a231537194d64 joined personal room. Socket: ZAM_GXXKkEAgu_eDAAAi
[2026-03-12T12:38:43.793Z] [Socket-SETUP] User 6996adb45e25a10f4831078d joined personal room. Socket: GcgDTraSSP3hdECkAAAb
[2026-03-12T12:39:44.456Z] [Socket-SETUP] User 69774857485a231537194d64 joined personal room. Socket: ZAM_GXXKkEAgu_eDAAAi
[2026-03-12T12:41:26.486Z] [Socket-SETUP] User 69774857485a231537194d64 joined personal room. Socket: ZAM_GXXKkEAgu_eDAAAi
[2026-03-12T12:42:25.813Z] [Socket-SETUP] User 69774857485a231537194d64 joined personal room. Socket: ZAM_GXXKkEAgu_eDAAAi
[2026-03-12T12:44:27.702Z] [Socket-SETUP] User 6996adb45e25a10f4831078d joined personal room. Socket: GcgDTraSSP3hdECkAAAb
[2026-03-12T12:44:45.667Z] [Socket-SETUP] User 69774857485a231537194d64 joined personal room. Socket: ZAM_GXXKkEAgu_eDAAAi
[2026-03-12T12:47:50.267Z] [Socket-SETUP] User 69774857485a231537194d64 joined personal room. Socket: YrTaLBtGDJGjH383AAAl
[2026-03-12T12:47:50.459Z] [Socket-SETUP] User 69774857485a231537194d64 joined personal room. Socket: EaM8uwDZJyVQPNQ8AAAn
[2026-03-12T12:47:59.493Z] [Socket-SETUP] User 69774857485a231537194d64 joined personal room. Socket: EaM8uwDZJyVQPNQ8AAAn
[2026-03-12T12:48:08.094Z] [Socket-SETUP] User 6996adb45e25a10f4831078d joined personal room. Socket: GcgDTraSSP3hdECkAAAb
[2026-03-12T12:50:15.602Z] [Socket-SETUP] User 6996adb45e25a10f4831078d joined personal room. Socket: GcgDTraSSP3hdECkAAAb
[2026-03-12T12:58:18.486Z] [Socket-SETUP] User 69774857485a231537194d64 joined personal room. Socket: EaM8uwDZJyVQPNQ8AAAn
[2026-03-12T12:58:28.238Z] [Socket-SETUP] User 6996adb45e25a10f4831078d joined personal room. Socket: GcgDTraSSP3hdECkAAAb
[2026-03-12T13:00:46.404Z] [Socket-SETUP] User 6996adb45e25a10f4831078d joined personal room. Socket: GcgDTraSSP3hdECkAAAb
[2026-03-12T13:09:17.485Z] [Socket-SETUP] User 69774857485a231537194d64 joined personal room. Socket: xRkGIm370FSWrqSRAAAp
[2026-03-12T13:09:17.598Z] [Socket-SETUP] User 69774857485a231537194d64 joined personal room. Socket: IjqFmsospGi0zCr2AAAr
[2026-03-12T13:09:17.599Z] [Socket-SETUP] User 69774857485a231537194d64 joined personal room. Socket: IjqFmsospGi0zCr2AAAr
[2026-03-12T13:10:02.466Z] [Socket-SETUP] User 6996adb45e25a10f4831078d joined personal room. Socket: 0ytFpinTXTd0RKHDAAAt
[2026-03-12T13:10:02.526Z] [Socket-SETUP] User 6996adb45e25a10f4831078d joined personal room. Socket: k0yjwTgSBKUWbkNiAAAv
[2026-03-12T13:10:31.839Z] [Socket-SETUP] User 69774857485a231537194d64 joined personal room. Socket: LW4ubgRz7M_Oc3u1AAAx
[2026-03-12T13:10:31.858Z] [Socket-SETUP] User 69774857485a231537194d64 joined personal room. Socket: xbDYt4TWEiCJtgu_AAAz
[2026-03-12T13:10:37.433Z] [Socket-SETUP] User 69774857485a231537194d64 joined personal room. Socket: xbDYt4TWEiCJtgu_AAAz
[2026-03-12T13:10:48.816Z] [Socket-SETUP] User 6996adb45e25a10f4831078d joined personal room. Socket: 0ytFpinTXTd0RKHDAAAt
[2026-03-12T13:11:31.339Z] [Socket-SETUP] User 6996adb45e25a10f4831078d joined personal room. Socket: 0ytFpinTXTd0RKHDAAAt
[2026-03-12T13:12:47.892Z] [Socket-SETUP] User 6996adb45e25a10f4831078d joined personal room. Socket: 0ytFpinTXTd0RKHDAAAt
[2026-03-12T13:13:47.180Z] [Socket-SETUP] User 6996adb45e25a10f4831078d joined personal room. Socket: 0ytFpinTXTd0RKHDAAAt
[2026-03-12T13:23:16.181Z] [Socket-SETUP] User 6996adb45e25a10f4831078d joined personal room. Socket: 0ytFpinTXTd0RKHDAAAt
[2026-03-12T13:23:26.620Z] [Socket-SETUP] User 69774857485a231537194d64 joined personal room. Socket: ZcR1Sni3FXLpJNM2AAA1
[2026-03-12T13:23:26.628Z] [Socket-SETUP] User 69774857485a231537194d64 joined personal room. Socket: lqaWJha5qtg9vUMvAAA3
[2026-03-12T13:23:26.630Z] [Socket-SETUP] User 69774857485a231537194d64 joined personal room. Socket: lqaWJha5qtg9vUMvAAA3
[2026-03-12T13:24:01.538Z] [Socket-SETUP] User 6996adb45e25a10f4831078d joined personal room. Socket: h6Y-EhyVDsBazJP_AAA5
[2026-03-12T13:24:01.593Z] [Socket-SETUP] User 6996adb45e25a10f4831078d joined personal room. Socket: JhIk1TBIYHTWas2wAAA7
[2026-03-12T13:26:29.402Z] [Socket-SETUP] User 69774857485a231537194d64 joined personal room. Socket: USShiDDrJsVOMoSNAAA9
[2026-03-12T13:26:29.433Z] [Socket-SETUP] User 69774857485a231537194d64 joined personal room. Socket: 2BfnSRyXWjkxT6cSAAA_
[2026-03-12T13:26:33.567Z] [Socket-SETUP] User 69774857485a231537194d64 joined personal room. Socket: 2BfnSRyXWjkxT6cSAAA_
[2026-03-12T13:26:40.980Z] [Socket-SETUP] User 6996adb45e25a10f4831078d joined personal room. Socket: h6Y-EhyVDsBazJP_AAA5
[2026-03-12T13:30:41.039Z] [Socket-SETUP] User 6996adb45e25a10f4831078d joined personal room. Socket: h6Y-EhyVDsBazJP_AAA5
[2026-03-12T13:38:49.085Z] [Socket-SETUP] User 69774857485a231537194d64 joined personal room. Socket: aI4RA5EMJmBWEDWwAABC
[2026-03-12T13:38:49.095Z] [Socket-SETUP] User 69774857485a231537194d64 joined personal room. Socket: ZCM1MHwsy9ojq0EtAABD
[2026-03-12T13:38:49.098Z] [Socket-SETUP] User 69774857485a231537194d64 joined personal room. Socket: ZCM1MHwsy9ojq0EtAABD
[2026-03-12T13:39:20.387Z] [Socket-SETUP] User 6996adb45e25a10f4831078d joined personal room. Socket: RDymlvP3QQ970Gs8AABF
[2026-03-12T13:39:20.554Z] [Socket-SETUP] User 6996adb45e25a10f4831078d joined personal room. Socket: G-wcIG9hcZ6M7UEjAABH
[2026-03-12T13:39:30.171Z] [Socket-SETUP] User 69774857485a231537194d64 joined personal room. Socket: jwZy_LDPv6nD5FzHAABJ
[2026-03-12T13:39:30.201Z] [Socket-SETUP] User 69774857485a231537194d64 joined personal room. Socket: 1_6kK3ifMgdiaTmmAABL
[2026-03-12T13:39:36.561Z] [Socket-SETUP] User 69774857485a231537194d64 joined personal room. Socket: 1_6kK3ifMgdiaTmmAABL
[2026-03-12T13:39:42.436Z] [Socket-SETUP] User 6996adb45e25a10f4831078d joined personal room. Socket: RDymlvP3QQ970Gs8AABF
[2026-03-13T05:18:08.366Z] [Socket-SETUP] User 6996adb45e25a10f4831078d joined personal room. Socket: 2my5OzVXyftKCLBVAAAB
[2026-03-13T05:18:08.417Z] [Socket-SETUP] User 6996adb45e25a10f4831078d joined personal room. Socket: s4ZDm2Dp-D76eHfZAAAD
[2026-03-13T05:20:18.096Z] [Socket-SETUP] User 69774857485a231537194d64 joined personal room. Socket: w1Rumi-n_lwDMW00AAAF
[2026-03-13T05:20:18.146Z] [Socket-SETUP] User 69774857485a231537194d64 joined personal room. Socket: DYjjbqgv2UJDKUVyAAAH
[2026-03-13T05:20:22.370Z] [Socket-SETUP] User 69774857485a231537194d64 joined personal room. Socket: DYjjbqgv2UJDKUVyAAAH
[2026-03-13T05:20:27.152Z] [Socket-SETUP] User 6996adb45e25a10f4831078d joined personal room. Socket: 2my5OzVXyftKCLBVAAAB
[2026-03-13T05:26:24.756Z] [Socket-SETUP] User 69774857485a231537194d64 joined personal room. Socket: NStTqQYjNSIBlquPAAAJ
[2026-03-13T05:26:24.835Z] [Socket-SETUP] User 69774857485a231537194d64 joined personal room. Socket: _9Vjjg7Kuu7Qwze-AAAL
[2026-03-13T05:26:24.839Z] [Socket-SETUP] User 69774857485a231537194d64 joined personal room. Socket: _9Vjjg7Kuu7Qwze-AAAL
[2026-03-13T05:27:03.086Z] [Socket-SETUP] User 6996adb45e25a10f4831078d joined personal room. Socket: jZzs7LBjGXV7WEx0AAAN
[2026-03-13T05:27:03.091Z] [Socket-SETUP] User 6996adb45e25a10f4831078d joined personal room. Socket: MyG2z0b4pKxnygiiAAAP
[2026-03-13T05:27:11.029Z] [Socket-SETUP] User 69774857485a231537194d64 joined personal room. Socket: xz3KTdvRhs-p8BL7AAAR
[2026-03-13T05:27:11.049Z] [Socket-SETUP] User 69774857485a231537194d64 joined personal room. Socket: gxx1S5bGyVFxVhzdAAAT
[2026-03-13T05:27:16.726Z] [Socket-SETUP] User 69774857485a231537194d64 joined personal room. Socket: gxx1S5bGyVFxVhzdAAAT
[2026-03-13T05:27:21.379Z] [Socket-SETUP] User 6996adb45e25a10f4831078d joined personal room. Socket: jZzs7LBjGXV7WEx0AAAN
[2026-03-13T05:29:44.934Z] [Socket-SETUP] User 69774857485a231537194d64 joined personal room. Socket: gxx1S5bGyVFxVhzdAAAT
[2026-03-13T05:31:22.059Z] [Socket-SETUP] User 69774857485a231537194d64 joined personal room. Socket: ejfGze6ejjsNw_0EAAAW
[2026-03-13T05:31:22.070Z] [Socket-SETUP] User 69774857485a231537194d64 joined personal room. Socket: zD_1bZ224JQQLpPcAAAX
[2026-03-13T05:31:22.073Z] [Socket-SETUP] User 69774857485a231537194d64 joined personal room. Socket: zD_1bZ224JQQLpPcAAAX
[2026-03-13T05:32:01.340Z] [Socket-SETUP] User 6996adb45e25a10f4831078d joined personal room. Socket: IEvDuJNrvmJMGuZ3AAAZ
[2026-03-13T05:32:01.376Z] [Socket-SETUP] User 6996adb45e25a10f4831078d joined personal room. Socket: hkiKQwO4HOcPmLKgAAAb
[2026-03-13T05:32:08.906Z] [Socket-SETUP] User 69774857485a231537194d64 joined personal room. Socket: ejfGze6ejjsNw_0EAAAW
[2026-03-13T05:47:21.432Z] [Socket-SETUP] User 69774857485a231537194d64 joined personal room. Socket: ejfGze6ejjsNw_0EAAAW
[2026-03-13T05:48:07.790Z] [Socket-SETUP] User 69774857485a231537194d64 joined personal room. Socket: UB7y3u7BDIZoDUUdAAAd
[2026-03-13T05:48:07.807Z] [Socket-SETUP] User 69774857485a231537194d64 joined personal room. Socket: aC09bQttYzNY2fz4AAAf
[2026-03-13T05:48:09.794Z] [Socket-SETUP] User 69774857485a231537194d64 joined personal room. Socket: aC09bQttYzNY2fz4AAAf
[2026-03-13T05:48:15.002Z] [Socket-SETUP] User 6996adb45e25a10f4831078d joined personal room. Socket: IEvDuJNrvmJMGuZ3AAAZ
[2026-03-13T05:48:57.348Z] [Socket-SETUP] User 69774857485a231537194d64 joined personal room. Socket: aC09bQttYzNY2fz4AAAf
[2026-03-13T05:49:01.763Z] [Socket-SETUP] User 6996adb45e25a10f4831078d joined personal room. Socket: IEvDuJNrvmJMGuZ3AAAZ
[2026-03-13T05:55:26.082Z] [Socket-SETUP] User 69774857485a231537194d64 joined personal room. Socket: oxPRFjoQxVKRbMpaAAAi
[2026-03-13T05:55:26.088Z] [Socket-SETUP] User 69774857485a231537194d64 joined personal room. Socket: 0yryHSB-GeNJ1EHNAAAj
[2026-03-13T05:55:26.092Z] [Socket-SETUP] User 69774857485a231537194d64 joined personal room. Socket: 0yryHSB-GeNJ1EHNAAAj
[2026-03-13T05:56:03.143Z] [Socket-SETUP] User 6996adb45e25a10f4831078d joined personal room. Socket: mUSknSU3o03Q9Pe-AAAl
[2026-03-13T05:56:03.153Z] [Socket-SETUP] User 6996adb45e25a10f4831078d joined personal room. Socket: mUSknSU3o03Q9Pe-AAAl
[2026-03-13T05:56:11.218Z] [Socket-SETUP] User 69774857485a231537194d64 joined personal room. Socket: gDejmKW3h716cHPXAAAn
[2026-03-13T05:56:11.232Z] [Socket-SETUP] User 69774857485a231537194d64 joined personal room. Socket: 34SUOeIrMsA94pVuAAAp
[2026-03-13T05:56:12.954Z] [Socket-SETUP] User 69774857485a231537194d64 joined personal room. Socket: 34SUOeIrMsA94pVuAAAp
[2026-03-13T05:56:17.617Z] [Socket-SETUP] User 6996adb45e25a10f4831078d joined personal room. Socket: mUSknSU3o03Q9Pe-AAAl
[2026-03-13T05:58:45.785Z] [Socket-SETUP] User 69774857485a231537194d64 joined personal room. Socket: 34SUOeIrMsA94pVuAAAp
[2026-03-13T05:58:55.194Z] [Socket-SETUP] User 6996adb45e25a10f4831078d joined personal room. Socket: mUSknSU3o03Q9Pe-AAAl
[2026-03-13T05:59:00.361Z] [Socket-SETUP] User 6996adb45e25a10f4831078d joined personal room. Socket: mUSknSU3o03Q9Pe-AAAl
[2026-03-13T05:59:13.848Z] [Socket-SETUP] User 6996adb45e25a10f4831078d joined personal room. Socket: mUSknSU3o03Q9Pe-AAAl
[2026-03-13T06:01:49.023Z] [Socket-SETUP] User 6996adb45e25a10f4831078d joined personal room. Socket: mUSknSU3o03Q9Pe-AAAl
[2026-03-13T06:04:39.281Z] [Socket-SETUP] User 69774857485a231537194d64 joined personal room. Socket: WHOXfUh0o0P9IEZYAAAs
[2026-03-13T06:04:39.289Z] [Socket-SETUP] User 69774857485a231537194d64 joined personal room. Socket: 1UcA44dZge0N_fGbAAAt
[2026-03-13T06:04:39.293Z] [Socket-SETUP] User 69774857485a231537194d64 joined personal room. Socket: 1UcA44dZge0N_fGbAAAt
[2026-03-13T06:05:18.465Z] [Socket-SETUP] User 69774857485a231537194d64 joined personal room. Socket: WHOXfUh0o0P9IEZYAAAs
[2026-03-13T06:05:21.560Z] [Socket-SETUP] User 6996adb45e25a10f4831078d joined personal room. Socket: CUkuLVUGUpBIu-ljAAAv
[2026-03-13T06:05:21.594Z] [Socket-SETUP] User 6996adb45e25a10f4831078d joined personal room. Socket: qRVquE0DSTL5tRmCAAAx
[2026-03-13T06:06:34.599Z] [Socket-SETUP] User 69774857485a231537194d64 joined personal room. Socket: WHOXfUh0o0P9IEZYAAAs
[2026-03-13T06:06:35.357Z] [Socket-SETUP] User 69774857485a231537194d64 joined personal room. Socket: OaSbZuz9Qv_BM3ThAAAz
[2026-03-13T06:06:35.382Z] [Socket-SETUP] User 69774857485a231537194d64 joined personal room. Socket: PbPhxE28zsH2N1FxAAA1
[2026-03-13T06:06:36.813Z] [Socket-SETUP] User 69774857485a231537194d64 joined personal room. Socket: OaSbZuz9Qv_BM3ThAAAz
[2026-03-13T06:06:44.992Z] [Socket-SETUP] User 69774857485a231537194d64 joined personal room. Socket: PbPhxE28zsH2N1FxAAA1
[2026-03-13T06:06:51.902Z] [Socket-SETUP] User 6996adb45e25a10f4831078d joined personal room. Socket: CUkuLVUGUpBIu-ljAAAv
[2026-03-13T06:13:17.212Z] [Socket-SETUP] User 6996adb45e25a10f4831078d joined personal room. Socket: CUkuLVUGUpBIu-ljAAAv
[2026-03-13T06:15:06.979Z] [Socket-SETUP] User 69774857485a231537194d64 joined personal room. Socket: PbPhxE28zsH2N1FxAAA1
[2026-03-13T06:15:13.629Z] [Socket-SETUP] User 69774857485a231537194d64 joined personal room. Socket: vctxbcMwfryeEFdKAAA3
[2026-03-13T06:15:13.750Z] [Socket-SETUP] User 69774857485a231537194d64 joined personal room. Socket: c13CFnvA2bwU4IiDAAA5
[2026-03-13T06:15:13.753Z] [Socket-SETUP] User 69774857485a231537194d64 joined personal room. Socket: c13CFnvA2bwU4IiDAAA5
[2026-03-13T06:15:24.390Z] [Socket-SETUP] User 6996adb45e25a10f4831078d joined personal room. Socket: CUkuLVUGUpBIu-ljAAAv
[2026-03-13T06:18:06.459Z] [Socket-SETUP] User 69774857485a231537194d64 joined personal room. Socket: v3ijIka5nF064ZHlAAA7
[2026-03-13T06:18:06.581Z] [Socket-SETUP] User 69774857485a231537194d64 joined personal room. Socket: ICKT9oSu8J4Uau4rAAA9
[2026-03-13T06:18:06.582Z] [Socket-SETUP] User 69774857485a231537194d64 joined personal room. Socket: ICKT9oSu8J4Uau4rAAA9
[2026-03-13T06:18:50.564Z] [Socket-SETUP] User 6996adb45e25a10f4831078d joined personal room. Socket: M7fxCbuBZ1cM1ULMAAA_
[2026-03-13T06:18:50.572Z] [Socket-SETUP] User 6996adb45e25a10f4831078d joined personal room. Socket: M7fxCbuBZ1cM1ULMAAA_
[2026-03-13T06:18:56.650Z] [Socket-SETUP] User 69774857485a231537194d64 joined personal room. Socket: l017YZ6-ZQEbfVpFAABB
[2026-03-13T06:18:56.679Z] [Socket-SETUP] User 69774857485a231537194d64 joined personal room. Socket: agSgU-fDQT4EJ9H8AABD
[2026-03-13T06:18:59.077Z] [Socket-SETUP] User 69774857485a231537194d64 joined personal room. Socket: agSgU-fDQT4EJ9H8AABD
[2026-03-13T06:19:11.735Z] [Socket-SETUP] User 6996adb45e25a10f4831078d joined personal room. Socket: M7fxCbuBZ1cM1ULMAAA_
[2026-03-13T06:31:03.056Z] [Socket-SETUP] User 6996adb45e25a10f4831078d joined personal room. Socket: M7fxCbuBZ1cM1ULMAAA_
[2026-03-13T06:32:22.498Z] [Socket-SETUP] User 6996adb45e25a10f4831078d joined personal room. Socket: M7fxCbuBZ1cM1ULMAAA_
[2026-03-13T06:32:42.868Z] [Socket-SETUP] User 6996adb45e25a10f4831078d joined personal room. Socket: M7fxCbuBZ1cM1ULMAAA_
[2026-03-13T06:32:47.849Z] [Socket-SETUP] User 6996adb45e25a10f4831078d joined personal room. Socket: M7fxCbuBZ1cM1ULMAAA_
[2026-03-13T06:32:51.879Z] [Socket-SETUP] User 6996adb45e25a10f4831078d joined personal room. Socket: M7fxCbuBZ1cM1ULMAAA_
[2026-03-13T06:34:39.077Z] [Socket-SETUP] User 6996adb45e25a10f4831078d joined personal room. Socket: M7fxCbuBZ1cM1ULMAAA_
[2026-03-13T06:34:39.711Z] [Socket-SETUP] User 69774857485a231537194d64 joined personal room. Socket: agSgU-fDQT4EJ9H8AABD
[2026-03-13T06:35:02.828Z] [Socket-SETUP] User 6996adb45e25a10f4831078d joined personal room. Socket: M7fxCbuBZ1cM1ULMAAA_
[2026-03-13T06:35:03.651Z] [Socket-SETUP] User 69774857485a231537194d64 joined personal room. Socket: agSgU-fDQT4EJ9H8AABD
[2026-03-13T06:38:18.723Z] [Socket-SETUP] User 6996adb45e25a10f4831078d joined personal room. Socket: Lh6b1S9smQILKuh9AABF
[2026-03-13T06:41:06.994Z] [Socket-SETUP] User 69774857485a231537194d64 joined personal room. Socket: 0J7ZdCHjQTTHN4CXAABH
[2026-03-13T06:41:07.117Z] [Socket-SETUP] User 69774857485a231537194d64 joined personal room. Socket: pBybNToIU-NObIsMAABJ
[2026-03-13T06:41:07.120Z] [Socket-SETUP] User 69774857485a231537194d64 joined personal room. Socket: pBybNToIU-NObIsMAABJ
[2026-03-13T06:41:34.129Z] [Socket-SETUP] User 6996adb45e25a10f4831078d joined personal room. Socket: Xy5PSwThjZBBG_RRAABL
[2026-03-13T06:41:34.131Z] [Socket-SETUP] User 6996adb45e25a10f4831078d joined personal room. Socket: U-Ym31xyIuYQJoNYAABN
[2026-03-13T06:41:40.921Z] [Socket-SETUP] User 69774857485a231537194d64 joined personal room. Socket: 47QdXaFyvchX3LGbAABP
[2026-03-13T06:41:40.937Z] [Socket-SETUP] User 69774857485a231537194d64 joined personal room. Socket: wdHGHgI-tDK0f7PgAABR
[2026-03-13T06:41:52.068Z] [Socket-SETUP] User 69774857485a231537194d64 joined personal room. Socket: wdHGHgI-tDK0f7PgAABR
[2026-03-13T06:42:03.292Z] [Socket-SETUP] User 6996adb45e25a10f4831078d joined personal room. Socket: Xy5PSwThjZBBG_RRAABL
[2026-03-13T06:42:58.094Z] [Socket-SETUP] User 69774857485a231537194d64 joined personal room. Socket: wdHGHgI-tDK0f7PgAABR
[2026-03-13T06:43:00.245Z] [Socket-SETUP] User 69774857485a231537194d64 joined personal room. Socket: wdHGHgI-tDK0f7PgAABR
[2026-03-13T06:43:06.578Z] [Socket-SETUP] User 69774857485a231537194d64 joined personal room. Socket: wdHGHgI-tDK0f7PgAABR
[2026-03-13T06:43:09.324Z] [Socket-SETUP] User 6996adb45e25a10f4831078d joined personal room. Socket: U-Ym31xyIuYQJoNYAABN
[2026-03-13T06:45:12.648Z] [Socket-SETUP] User 69774857485a231537194d64 joined personal room. Socket: U-Ym31xyIuYQJoNYAABN
[2026-03-13T06:45:33.486Z] [Socket-SETUP] User 69774857485a231537194d64 joined personal room. Socket: U-Ym31xyIuYQJoNYAABN
[2026-03-13T06:45:37.111Z] [Socket-SETUP] User 69774857485a231537194d64 joined personal room. Socket: U-Ym31xyIuYQJoNYAABN
[2026-03-13T06:45:43.031Z] [Socket-SETUP] User 69774857485a231537194d64 joined personal room. Socket: U-Ym31xyIuYQJoNYAABN
[2026-03-13T06:54:48.404Z] [Socket-SETUP] User 69774857485a231537194d64 joined personal room. Socket: Ua3fDIfhB-ayaaa0AAAB
[2026-03-13T06:54:50.844Z] [Socket-SETUP] User 69774857485a231537194d64 joined personal room. Socket: sRq8jd7GMG_yB3f4AAAD
[2026-03-13T06:54:52.543Z] [Socket-SETUP] User 6996adb45e25a10f4831078d joined personal room. Socket: XVeJ1rNva_crPf_dAAAF
[2026-03-13T06:54:53.387Z] [Socket-SETUP] User 6996adb45e25a10f4831078d joined personal room. Socket: DT3UhdAwYhT4JpUrAAAH
[2026-03-13T06:56:18.098Z] [Socket-SETUP] User 69774857485a231537194d64 joined personal room. Socket: bcANuDy3cqEfReBRAAAJ
[2026-03-13T06:56:18.109Z] [Socket-SETUP] User 69774857485a231537194d64 joined personal room. Socket: bcANuDy3cqEfReBRAAAJ
[2026-03-13T06:56:28.146Z] [Socket-SETUP] User 69774857485a231537194d64 joined personal room. Socket: bcANuDy3cqEfReBRAAAJ
[2026-03-13T06:58:03.746Z] [Socket-SETUP] User 69774857485a231537194d64 joined personal room. Socket: bcANuDy3cqEfReBRAAAJ
[2026-03-13T08:40:57.837Z] [Socket-SETUP] User 69774857485a231537194d64 joined personal room. Socket: TspQXASBbGytBRJDAAAL
[2026-03-13T08:40:58.845Z] [Socket-SETUP] User 69774857485a231537194d64 joined personal room. Socket: 5f8Z_PAbCEobpxvKAAAN
[2026-03-13T09:02:43.229Z] [Socket-SETUP] User 69774857485a231537194d64 joined personal room. Socket: Deso1h9I-yhJBH1VAAAQ
[2026-03-13T09:02:43.246Z] [Socket-SETUP] User 69774857485a231537194d64 joined personal room. Socket: FDj4lW_9WtNbrS23AAAR
[2026-03-13T09:03:00.875Z] [Socket-SETUP] User 69774857485a231537194d64 joined personal room. Socket: FDj4lW_9WtNbrS23AAAR
[2026-03-13T09:19:41.356Z] [Socket-SETUP] User 69774857485a231537194d64 joined personal room. Socket: FDj4lW_9WtNbrS23AAAR
[2026-03-13T10:01:57.128Z] [Socket-SETUP] User 69774857485a231537194d64 joined personal room. Socket: FDj4lW_9WtNbrS23AAAR
[2026-03-13T10:36:39.480Z] [Socket-SETUP] User 69774857485a231537194d64 joined personal room. Socket: V-z6IIcqfsqkuA9iAAAT
[2026-03-13T10:36:39.506Z] [Socket-SETUP] User 69774857485a231537194d64 joined personal room. Socket: Iv_vBHOt0IvA4yrMAAAV
[2026-03-13T10:40:31.033Z] [Socket-SETUP] User 69774857485a231537194d64 joined personal room. Socket: V-z6IIcqfsqkuA9iAAAT
[2026-03-13T10:44:24.898Z] [Socket-SETUP] User 69774857485a231537194d64 joined personal room. Socket: Iv_vBHOt0IvA4yrMAAAV
[2026-03-13T10:45:48.147Z] [Socket-SETUP] User 69774857485a231537194d64 joined personal room. Socket: Iv_vBHOt0IvA4yrMAAAV
[2026-03-13T10:45:54.909Z] [Socket-SETUP] User 69774857485a231537194d64 joined personal room. Socket: Iv_vBHOt0IvA4yrMAAAV
[2026-03-13T10:45:59.309Z] [Socket-SETUP] User 69774857485a231537194d64 joined personal room. Socket: Iv_vBHOt0IvA4yrMAAAV
[2026-03-13T10:49:01.990Z] [Socket-SETUP] User 69774857485a231537194d64 joined personal room. Socket: Iv_vBHOt0IvA4yrMAAAV
[2026-03-13T10:49:47.912Z] [Socket-SETUP] User 69774857485a231537194d64 joined personal room. Socket: R8HXz7KztUCEQOYZAAAB
[2026-03-13T10:49:48.083Z] [Socket-SETUP] User 69774857485a231537194d64 joined personal room. Socket: jk4qzjF1Dn2FTl1fAAAD
[2026-03-13T10:49:48.098Z] [Socket-SETUP] User 69774857485a231537194d64 joined personal room. Socket: ZwIyOT7wXyqfscdyAAAF
[2026-03-13T10:49:48.295Z] [Socket-SETUP] User 69774857485a231537194d64 joined personal room. Socket: _wMqwyoLlwTyFeVcAAAH
[2026-03-13T10:50:37.083Z] [Socket-SETUP] User 69774857485a231537194d64 joined personal room. Socket: SCVJScwyc49Cac7gAAAB
[2026-03-13T10:50:37.436Z] [Socket-SETUP] User 69774857485a231537194d64 joined personal room. Socket: OsZ-NNLYffZN6FxdAAAE
[2026-03-13T10:50:37.441Z] [Socket-SETUP] User 69774857485a231537194d64 joined personal room. Socket: cNbXpgsF6AhJFA00AAAF
[2026-03-13T10:50:39.062Z] [Socket-SETUP] User 69774857485a231537194d64 joined personal room. Socket: SjlLEhRV2ecuwHAIAAAB
[2026-03-13T10:50:39.357Z] [Socket-SETUP] User 69774857485a231537194d64 joined personal room. Socket: q36CDALAPmCNVT4yAAAE
[2026-03-13T10:50:39.362Z] [Socket-SETUP] User 69774857485a231537194d64 joined personal room. Socket: bXDyYjzILPHcY6ghAAAF
[2026-03-13T10:50:40.037Z] [Socket-SETUP] User 69774857485a231537194d64 joined personal room. Socket: UjESb0pKUrPK_EuJAAAH
[2026-03-13T10:52:59.623Z] [Socket-SETUP] User 69774857485a231537194d64 joined personal room. Socket: nhW9bC4vd9H-LAjEAAAJ
[2026-03-13T10:52:59.696Z] [Socket-SETUP] User 69774857485a231537194d64 joined personal room. Socket: cnGFZoG28wWjZaBGAAAL
[2026-03-13T10:53:06.445Z] [Socket-SETUP] User 69774857485a231537194d64 joined personal room. Socket: cnGFZoG28wWjZaBGAAAL
[2026-03-13T10:55:20.422Z] [Socket-SETUP] User 69774857485a231537194d64 joined personal room. Socket: i4tFoGVuGuk1xO-nAAAB
[2026-03-13T10:55:20.811Z] [Socket-SETUP] User 69774857485a231537194d64 joined personal room. Socket: DMqqa7uO4p1oK--iAAAD
[2026-03-13T10:55:21.098Z] [Socket-SETUP] User 69774857485a231537194d64 joined personal room. Socket: Kt9YLoFcHBM0eTPjAAAF
[2026-03-13T10:55:21.117Z] [Socket-SETUP] User 69774857485a231537194d64 joined personal room. Socket: FjryZZRriaI_7kiSAAAH
[2026-03-13T10:59:39.112Z] [Socket-SETUP] User 69774857485a231537194d64 joined personal room. Socket: MquCByneOIM_2qc-AAAC
[2026-03-13T10:59:39.339Z] [Socket-SETUP] User 69774857485a231537194d64 joined personal room. Socket: VglUmcB73WeUO0vFAAAD
[2026-03-13T10:59:39.713Z] [Socket-SETUP] User 69774857485a231537194d64 joined personal room. Socket: C9SCoF_kPCG1QaJJAAAF
[2026-03-13T10:59:40.046Z] [Socket-SETUP] User 69774857485a231537194d64 joined personal room. Socket: ANIM67Y3s1G42yF_AAAH
[2026-03-13T11:00:42.713Z] [Socket-SETUP] User 69774857485a231537194d64 joined personal room. Socket: C9SCoF_kPCG1QaJJAAAF
[2026-03-13T11:00:46.501Z] [Socket-SETUP] User 69774857485a231537194d64 joined personal room. Socket: C9SCoF_kPCG1QaJJAAAF
[2026-03-13T11:01:12.830Z] [Socket-SETUP] User 69774857485a231537194d64 joined personal room. Socket: C9SCoF_kPCG1QaJJAAAF
[2026-03-13T11:03:15.091Z] [Socket-SETUP] User 69774857485a231537194d64 joined personal room. Socket: C9SCoF_kPCG1QaJJAAAF
[2026-03-13T11:19:25.013Z] [Socket-SETUP] User 69774857485a231537194d64 joined personal room. Socket: C9SCoF_kPCG1QaJJAAAF
[2026-03-13T11:19:27.165Z] [Socket-SETUP] User 69774857485a231537194d64 joined personal room. Socket: C9SCoF_kPCG1QaJJAAAF
[2026-03-13T11:21:47.878Z] [Socket-SETUP] User 69774857485a231537194d64 joined personal room. Socket: C9SCoF_kPCG1QaJJAAAF
[2026-03-13T11:21:50.538Z] [Socket-SETUP] User 69774857485a231537194d64 joined personal room. Socket: C9SCoF_kPCG1QaJJAAAF
[2026-03-13T11:30:39.365Z] [Socket-SETUP] User 69774857485a231537194d64 joined personal room. Socket: C9SCoF_kPCG1QaJJAAAF
[2026-03-13T11:32:30.164Z] [Socket-SETUP] User 69774857485a231537194d64 joined personal room. Socket: C9SCoF_kPCG1QaJJAAAF
[2026-03-13T11:32:53.041Z] [Socket-SETUP] User 69774857485a231537194d64 joined personal room. Socket: C9SCoF_kPCG1QaJJAAAF
[2026-03-13T11:37:51.475Z] [Socket-SETUP] User 69774857485a231537194d64 joined personal room. Socket: C9SCoF_kPCG1QaJJAAAF
[2026-03-13T11:37:53.480Z] [Socket-SETUP] User 69774857485a231537194d64 joined personal room. Socket: C9SCoF_kPCG1QaJJAAAF
[2026-03-13T11:38:33.606Z] [Socket-SETUP] User 69774857485a231537194d64 joined personal room. Socket: C9SCoF_kPCG1QaJJAAAF
[2026-03-13T11:38:36.530Z] [Socket-SETUP] User 69774857485a231537194d64 joined personal room. Socket: C9SCoF_kPCG1QaJJAAAF
[2026-03-13T11:38:46.214Z] [Socket-SETUP] User 69774857485a231537194d64 joined personal room. Socket: C9SCoF_kPCG1QaJJAAAF
[2026-03-13T11:38:48.780Z] [Socket-SETUP] User 69774857485a231537194d64 joined personal room. Socket: C9SCoF_kPCG1QaJJAAAF
[2026-03-13T11:38:54.465Z] [Socket-SETUP] User 69774857485a231537194d64 joined personal room. Socket: C9SCoF_kPCG1QaJJAAAF
[2026-03-13T11:41:09.209Z] [Socket-SETUP] User 69774857485a231537194d64 joined personal room. Socket: MquCByneOIM_2qc-AAAC
[2026-03-13T11:42:49.809Z] [Socket-SETUP] User 69774857485a231537194d64 joined personal room. Socket: C9SCoF_kPCG1QaJJAAAF
[2026-03-13T12:13:11.185Z] [Socket-SETUP] User 69774857485a231537194d64 joined personal room. Socket: C9SCoF_kPCG1QaJJAAAF
[2026-03-13T12:13:14.155Z] [Socket-SETUP] User 69774857485a231537194d64 joined personal room. Socket: C9SCoF_kPCG1QaJJAAAF
[2026-03-13T12:22:59.567Z] [Socket-SETUP] User 69774857485a231537194d64 joined personal room. Socket: 3FJRTmaFay96oAiEAAAJ
[2026-03-13T12:22:59.581Z] [Socket-SETUP] User 69774857485a231537194d64 joined personal room. Socket: 3FJRTmaFay96oAiEAAAJ
[2026-03-13T12:23:00.693Z] [Socket-SETUP] User 69774857485a231537194d64 joined personal room. Socket: -hp7VwAo99tHlZ3CAAAL
[2026-03-16T04:47:41.229Z] [Socket-SETUP] User 69774857485a231537194d64 joined personal room. Socket: r-hKbi8tsl6Fy2iEAAAB
[2026-03-16T04:47:41.248Z] [Socket-SETUP] User 69774857485a231537194d64 joined personal room. Socket: rXnhgGJyTvp690bBAAAD
[2026-03-16T04:48:01.815Z] [Socket-SETUP] User 69774857485a231537194d64 joined personal room. Socket: mndlVzA9u5F24XcPAAAF
[2026-03-16T04:48:01.833Z] [Socket-SETUP] User 69774857485a231537194d64 joined personal room. Socket: e619mgn_iX0T7oe9AAAH
[2026-03-16T04:48:05.949Z] [Socket-SETUP] User 69774857485a231537194d64 joined personal room. Socket: e619mgn_iX0T7oe9AAAH
[2026-03-16T04:48:09.744Z] [Socket-SETUP] User 69774857485a231537194d64 joined personal room. Socket: e619mgn_iX0T7oe9AAAH
[2026-03-16T04:48:14.532Z] [Socket-SETUP] User 69774857485a231537194d64 joined personal room. Socket: e619mgn_iX0T7oe9AAAH
[2026-03-16T04:48:17.353Z] [Socket-SETUP] User 69774857485a231537194d64 joined personal room. Socket: e619mgn_iX0T7oe9AAAH
[2026-03-16T04:48:19.690Z] [Socket-SETUP] User 69774857485a231537194d64 joined personal room. Socket: e619mgn_iX0T7oe9AAAH
[2026-03-16T04:48:33.318Z] [Socket-SETUP] User 69774857485a231537194d64 joined personal room. Socket: rC5zQ0UfGaA5UWSsAAAJ
[2026-03-16T04:48:33.348Z] [Socket-SETUP] User 69774857485a231537194d64 joined personal room. Socket: LSAmZHGJop3o9QVmAAAL
[2026-03-16T04:48:38.418Z] [Socket-SETUP] User 69774857485a231537194d64 joined personal room. Socket: t44mQyQtYVvI1--0AAAN
[2026-03-16T04:48:38.432Z] [Socket-SETUP] User 69774857485a231537194d64 joined personal room. Socket: ijPNphWP0L-e0uarAAAP
[2026-03-16T04:57:47.261Z] [Socket-SETUP] User 69774857485a231537194d64 joined personal room. Socket: JHFCh82K9vuZoU-kAAAR
[2026-03-16T04:57:47.290Z] [Socket-SETUP] User 69774857485a231537194d64 joined personal room. Socket: jtGxFHOa52kLznJTAAAT
[2026-03-16T04:57:49.963Z] [Socket-SETUP] User 69774857485a231537194d64 joined personal room. Socket: KeAbcYWmhGKtOTL5AAAV
[2026-03-16T04:57:49.980Z] [Socket-SETUP] User 69774857485a231537194d64 joined personal room. Socket: SSnQSSq6J2B-4BXCAAAX
[2026-03-16T04:57:58.547Z] [Socket-SETUP] User 69774857485a231537194d64 joined personal room. Socket: SSnQSSq6J2B-4BXCAAAX
[2026-03-16T04:59:30.037Z] [Socket-SETUP] User 69774857485a231537194d64 joined personal room. Socket: SSnQSSq6J2B-4BXCAAAX
[2026-03-16T05:09:37.624Z] [Socket-SETUP] User 69774857485a231537194d64 joined personal room. Socket: QLLF8Z72xh0CcjsiAAAZ
[2026-03-16T05:09:37.653Z] [Socket-SETUP] User 69774857485a231537194d64 joined personal room. Socket: gzLIiLpIb4Jt3fdEAAAb
[2026-03-16T05:10:02.486Z] [Socket-SETUP] User 69774857485a231537194d64 joined personal room. Socket: 7yU9jIHnDpRHG4KPAAAd
[2026-03-16T05:10:02.507Z] [Socket-SETUP] User 69774857485a231537194d64 joined personal room. Socket: hvKek9BTm8C5XupNAAAf
[2026-03-16T05:11:07.428Z] [Socket-SETUP] User 69774857485a231537194d64 joined personal room. Socket: 7yU9jIHnDpRHG4KPAAAd
[2026-03-16T07:10:52.499Z] [Socket-SETUP] User 6996adb45e25a10f4831078d joined personal room. Socket: ZXAKs4WPgtvNvG2hAAAn
[2026-03-16T07:10:52.510Z] [Socket-SETUP] User 6996adb45e25a10f4831078d joined personal room. Socket: ZXAKs4WPgtvNvG2hAAAn
[2026-03-16T07:10:55.191Z] [Socket-SETUP] User 6996adb45e25a10f4831078d joined personal room. Socket: ZXAKs4WPgtvNvG2hAAAn
[2026-03-16T07:11:23.453Z] [Socket-SETUP] User 6996adb45e25a10f4831078d joined personal room. Socket: ZXAKs4WPgtvNvG2hAAAn
[2026-03-16T07:11:27.129Z] [Socket-SETUP] User 6996adb45e25a10f4831078d joined personal room. Socket: ZXAKs4WPgtvNvG2hAAAn
[2026-03-16T07:11:30.826Z] [Socket-SETUP] User 6996adb45e25a10f4831078d joined personal room. Socket: ZXAKs4WPgtvNvG2hAAAn
[2026-03-16T07:11:33.988Z] [Socket-SETUP] User 6996adb45e25a10f4831078d joined personal room. Socket: ZXAKs4WPgtvNvG2hAAAn
[2026-03-16T07:11:35.364Z] [Socket-SETUP] User 6996adb45e25a10f4831078d joined personal room. Socket: YdxBx0wZgEVdksAGAAAr
[2026-03-16T07:11:35.381Z] [Socket-SETUP] User 6996adb45e25a10f4831078d joined personal room. Socket: ht-7bziA62nGwTNhAAAt
[2026-03-16T07:11:46.931Z] [Socket-SETUP] User 6996adb45e25a10f4831078d joined personal room. Socket: ht-7bziA62nGwTNhAAAt
[2026-03-16T07:11:50.206Z] [Socket-SETUP] User 6996adb45e25a10f4831078d joined personal room. Socket: ht-7bziA62nGwTNhAAAt
[2026-03-16T07:11:52.833Z] [Socket-SETUP] User 6996adb45e25a10f4831078d joined personal room. Socket: ht-7bziA62nGwTNhAAAt
[2026-03-16T07:11:55.536Z] [Socket-SETUP] User 6996adb45e25a10f4831078d joined personal room. Socket: ht-7bziA62nGwTNhAAAt
[2026-03-16T07:11:57.459Z] [Socket-SETUP] User 6996adb45e25a10f4831078d joined personal room. Socket: ht-7bziA62nGwTNhAAAt
[2026-03-16T07:11:59.342Z] [Socket-SETUP] User 6996adb45e25a10f4831078d joined personal room. Socket: ht-7bziA62nGwTNhAAAt
[2026-03-16T07:13:00.639Z] [Socket-SETUP] User 69b7ad7cd370cc66d7612769 joined personal room. Socket: ZXAKs4WPgtvNvG2hAAAn
[2026-03-16T07:13:05.676Z] [Socket-SETUP] User 69b7ad7cd370cc66d7612769 joined personal room. Socket: ZXAKs4WPgtvNvG2hAAAn
[2026-03-16T07:13:10.261Z] [Socket-SETUP] User 69b7ad7cd370cc66d7612769 joined personal room. Socket: ZXAKs4WPgtvNvG2hAAAn
[2026-03-16T07:13:13.933Z] [Socket-SETUP] User 69b7ad7cd370cc66d7612769 joined personal room. Socket: ZXAKs4WPgtvNvG2hAAAn
[2026-03-16T07:13:17.707Z] [Socket-SETUP] User 69b7ad7cd370cc66d7612769 joined personal room. Socket: ZXAKs4WPgtvNvG2hAAAn
[2026-03-16T07:13:19.110Z] [Socket-SETUP] User 69b7ad7cd370cc66d7612769 joined personal room. Socket: ZXAKs4WPgtvNvG2hAAAn
[2026-03-16T07:13:20.690Z] [Socket-SETUP] User 69b7ad7cd370cc66d7612769 joined personal room. Socket: ZXAKs4WPgtvNvG2hAAAn
[2026-03-16T07:13:22.209Z] [Socket-SETUP] User 69b7ad7cd370cc66d7612769 joined personal room. Socket: ZXAKs4WPgtvNvG2hAAAn
[2026-03-16T07:13:24.053Z] [Socket-SETUP] User 69b7ad7cd370cc66d7612769 joined personal room. Socket: ZXAKs4WPgtvNvG2hAAAn
[2026-03-16T07:13:56.630Z] [Socket-SETUP] User 69774857485a231537194d64 joined personal room. Socket: ZXAKs4WPgtvNvG2hAAAn
[2026-03-16T07:14:01.635Z] [Socket-SETUP] User 69774857485a231537194d64 joined personal room. Socket: ZXAKs4WPgtvNvG2hAAAn
[2026-03-16T07:33:59.581Z] [Socket-SETUP] User 6996adb45e25a10f4831078d joined personal room. Socket: ht-7bziA62nGwTNhAAAt
[2026-03-16T07:45:01.462Z] [Socket-SETUP] User 6996adb45e25a10f4831078d joined personal room. Socket: ht-7bziA62nGwTNhAAAt
[2026-03-16T08:16:57.631Z] [Socket-SETUP] User 6996adb45e25a10f4831078d joined personal room. Socket: m-N1AI3nqmEezBxzAAAw
[2026-03-16T08:16:58.584Z] [Socket-SETUP] User 6996adb45e25a10f4831078d joined personal room. Socket: 1qcngCMr45mNm4EuAAAz
[2026-03-16T08:53:09.494Z] [Socket-SETUP] User 6996adb45e25a10f4831078d joined personal room. Socket: nMSFniuqNYJYUXRgAAA2
[2026-03-16T08:53:09.510Z] [Socket-SETUP] User 6996adb45e25a10f4831078d joined personal room. Socket: KaQFgWbkTO3966AyAAA5
[2026-03-16T09:07:14.169Z] [Socket-SETUP] User 6996adb45e25a10f4831078d joined personal room. Socket: nMSFniuqNYJYUXRgAAA2
[2026-03-16T09:07:21.877Z] [Socket-SETUP] User 6996adb45e25a10f4831078d joined personal room. Socket: nMSFniuqNYJYUXRgAAA2
[2026-03-16T10:12:48.849Z] [Socket-SETUP] User 6996adb45e25a10f4831078d joined personal room. Socket: nMSFniuqNYJYUXRgAAA2
[2026-03-16T10:12:52.119Z] [Socket-SETUP] User 6996adb45e25a10f4831078d joined personal room. Socket: nMSFniuqNYJYUXRgAAA2
[2026-03-16T11:14:08.293Z] [Socket-SETUP] User 6996adb45e25a10f4831078d joined personal room. Socket: nMSFniuqNYJYUXRgAAA2
[2026-03-16T11:14:12.988Z] [Socket-SETUP] User 6996adb45e25a10f4831078d joined personal room. Socket: nMSFniuqNYJYUXRgAAA2
[2026-03-16T11:14:15.631Z] [Socket-SETUP] User 6996adb45e25a10f4831078d joined personal room. Socket: nMSFniuqNYJYUXRgAAA2
[2026-03-16T11:15:10.833Z] [Socket-SETUP] User 6996adb45e25a10f4831078d joined personal room. Socket: nMSFniuqNYJYUXRgAAA2
[2026-03-16T11:40:14.504Z] [Socket-SETUP] User 6996adb45e25a10f4831078d joined personal room. Socket: nMSFniuqNYJYUXRgAAA2
[2026-03-16T13:23:36.584Z] [Socket-SETUP] User 6996adb45e25a10f4831078d joined personal room. Socket: nMSFniuqNYJYUXRgAAA2
[2026-03-16T13:23:42.541Z] [Socket-SETUP] User 6996adb45e25a10f4831078d joined personal room. Socket: nMSFniuqNYJYUXRgAAA2
[2026-03-16T13:23:46.049Z] [Socket-SETUP] User 6996adb45e25a10f4831078d joined personal room. Socket: nMSFniuqNYJYUXRgAAA2
[2026-03-16T13:23:50.336Z] [Socket-SETUP] User 6996adb45e25a10f4831078d joined personal room. Socket: nMSFniuqNYJYUXRgAAA2
[2026-03-16T13:31:27.822Z] [Socket-SETUP] User 6996adb45e25a10f4831078d joined personal room. Socket: nMSFniuqNYJYUXRgAAA2
[2026-03-17T05:05:06.723Z] [Socket-SETUP] User 6996adb45e25a10f4831078d joined personal room. Socket: K9jo8GGjkox5hkCnAAAB
[2026-03-17T05:05:06.736Z] [Socket-SETUP] User 6996adb45e25a10f4831078d joined personal room. Socket: 4kwYVbsODjZC0QnLAAAD
[2026-03-17T05:19:28.675Z] [Socket-SETUP] User 6996adb45e25a10f4831078d joined personal room. Socket: 4kwYVbsODjZC0QnLAAAD
[2026-03-17T05:53:17.810Z] [Socket-SETUP] User 6996adb45e25a10f4831078d joined personal room. Socket: 4kwYVbsODjZC0QnLAAAD
[2026-03-17T06:04:25.717Z] [Socket-SETUP] User 6996adb45e25a10f4831078d joined personal room. Socket: 4kwYVbsODjZC0QnLAAAD
[2026-03-17T06:22:57.155Z] [Socket-SETUP] User 6996adb45e25a10f4831078d joined personal room. Socket: 4kwYVbsODjZC0QnLAAAD
[2026-03-17T06:23:14.562Z] [Socket-SETUP] User 6996adb45e25a10f4831078d joined personal room. Socket: 4kwYVbsODjZC0QnLAAAD
[2026-03-17T06:23:17.977Z] [Socket-SETUP] User 6996adb45e25a10f4831078d joined personal room. Socket: 4kwYVbsODjZC0QnLAAAD
[2026-03-17T07:17:44.528Z] [Socket-SETUP] User 6996adb45e25a10f4831078d joined personal room. Socket: iwNJEJex-fKM_0ygAAAF
[2026-03-17T07:17:44.532Z] [Socket-SETUP] User 6996adb45e25a10f4831078d joined personal room. Socket: iwNJEJex-fKM_0ygAAAF
[2026-03-17T07:17:45.421Z] [Socket-SETUP] User 6996adb45e25a10f4831078d joined personal room. Socket: NcouQ8xA6kA8VS7SAAAH
[2026-03-17T07:45:09.495Z] [Socket-SETUP] User 6996adb45e25a10f4831078d joined personal room. Socket: 7n4T72ly7E8htxdQAAAJ
[2026-03-17T07:45:09.557Z] [Socket-SETUP] User 6996adb45e25a10f4831078d joined personal room. Socket: NKo2zG3xqXvM_9yJAAAL
[2026-03-17T07:45:09.587Z] [Socket-SETUP] User 6996adb45e25a10f4831078d joined personal room. Socket: NKo2zG3xqXvM_9yJAAAL
[2026-03-17T07:46:36.948Z] [Socket-SETUP] User 6996adb45e25a10f4831078d joined personal room. Socket: NKo2zG3xqXvM_9yJAAAL
[2026-03-17T07:46:39.994Z] [Socket-SETUP] User 6996adb45e25a10f4831078d joined personal room. Socket: NKo2zG3xqXvM_9yJAAAL
[2026-03-17T07:46:57.639Z] [Socket-SETUP] User 6996adb45e25a10f4831078d joined personal room. Socket: NKo2zG3xqXvM_9yJAAAL
[2026-03-17T07:46:59.818Z] [Socket-SETUP] User 6996adb45e25a10f4831078d joined personal room. Socket: NKo2zG3xqXvM_9yJAAAL
[2026-03-17T07:51:18.126Z] [Socket-SETUP] User 69774857485a231537194d64 joined personal room. Socket: SS3YuWNCG_X7n42GAAAN
[2026-03-17T07:51:18.153Z] [Socket-SETUP] User 69774857485a231537194d64 joined personal room. Socket: LNXEq3mSB4kAy9IOAAAP
[2026-03-17T07:51:33.457Z] [Socket-SETUP] User 69774857485a231537194d64 joined personal room. Socket: LNXEq3mSB4kAy9IOAAAP
[2026-03-17T07:52:45.780Z] [Socket-SETUP] User 69774857485a231537194d64 joined personal room. Socket: LNXEq3mSB4kAy9IOAAAP
[2026-03-17T07:53:21.440Z] [Socket-SETUP] User 69774857485a231537194d64 joined personal room. Socket: LNXEq3mSB4kAy9IOAAAP
[2026-03-17T08:16:01.941Z] [Socket-SETUP] User 6996adb45e25a10f4831078d joined personal room. Socket: NKo2zG3xqXvM_9yJAAAL
[2026-03-17T08:29:00.756Z] [Socket-SETUP] User 6996adb45e25a10f4831078d joined personal room. Socket: NKo2zG3xqXvM_9yJAAAL
[2026-03-17T08:45:03.746Z] [Socket-SETUP] User 6996adb45e25a10f4831078d joined personal room. Socket: NKo2zG3xqXvM_9yJAAAL
[2026-03-17T08:46:18.731Z] [Socket-SETUP] User 69774857485a231537194d64 joined personal room. Socket: LNXEq3mSB4kAy9IOAAAP
[2026-03-17T08:46:20.547Z] [Socket-SETUP] User 69774857485a231537194d64 joined personal room. Socket: LNXEq3mSB4kAy9IOAAAP
[2026-03-17T09:08:31.457Z] [Socket-SETUP] User 6996adb45e25a10f4831078d joined personal room. Socket: 5sVWz9lWjkmADoDRAAAB
[2026-03-17T09:08:31.463Z] [Socket-SETUP] User 6996adb45e25a10f4831078d joined personal room. Socket: o3A4_ktein2IbnleAAAD
[2026-03-17T09:08:31.711Z] [Socket-SETUP] User 69774857485a231537194d64 joined personal room. Socket: -6MDQPWw4PXKKorIAAAG
[2026-03-17T09:08:31.713Z] [Socket-SETUP] User 69774857485a231537194d64 joined personal room. Socket: 9LUEw51CzuVQjqD8AAAH
[2026-03-17T09:21:33.015Z] [Socket-SETUP] User 69774857485a231537194d64 joined personal room. Socket: 0a-mLiscY1vDjeBQAAAB
[2026-03-17T09:21:36.929Z] [Socket-SETUP] User 69774857485a231537194d64 joined personal room. Socket: wjN5H763tVJENFG_AAAD
[2026-03-17T09:21:38.253Z] [Socket-SETUP] User 69774857485a231537194d64 joined personal room. Socket: UNXvY-x8b_od_cEaAAAF
[2026-03-17T09:23:44.044Z] [Socket-SETUP] User 69774857485a231537194d64 joined personal room. Socket: 6jhXPGwjENzEqsxxAAAH
[2026-03-17T09:23:44.048Z] [Socket-SETUP] User 69774857485a231537194d64 joined personal room. Socket: 6jhXPGwjENzEqsxxAAAH
[2026-03-17T09:24:30.559Z] [Socket-SETUP] User 69774857485a231537194d64 joined personal room. Socket: 6jhXPGwjENzEqsxxAAAH
[2026-03-17T09:29:09.034Z] [Socket-SETUP] User 69774857485a231537194d64 joined personal room. Socket: 6jhXPGwjENzEqsxxAAAH
[2026-03-17T09:30:29.517Z] [Socket-SETUP] User 69774857485a231537194d64 joined personal room. Socket: 6jhXPGwjENzEqsxxAAAH
[2026-03-17T09:32:51.966Z] [Socket-SETUP] User 6996adb45e25a10f4831078d joined personal room. Socket: 3og4mpR73ecyIpWiAAAJ
[2026-03-17T09:32:52.003Z] [Socket-SETUP] User 6996adb45e25a10f4831078d joined personal room. Socket: jR0MoAWApjpboGV9AAAL
[2026-03-17T09:33:05.965Z] [Socket-SETUP] User 6996adb45e25a10f4831078d joined personal room. Socket: jR0MoAWApjpboGV9AAAL
[2026-03-17T09:33:22.495Z] [Socket-SETUP] User 69774857485a231537194d64 joined personal room. Socket: 6jhXPGwjENzEqsxxAAAH
[2026-03-17T09:33:22.506Z] [Socket-SETUP] User 69774857485a231537194d64 joined personal room. Socket: 6jhXPGwjENzEqsxxAAAH
[2026-03-17T09:33:37.125Z] [Socket-SETUP] User 69774857485a231537194d64 joined personal room. Socket: 6jhXPGwjENzEqsxxAAAH
[2026-03-17T09:50:44.921Z] [Socket-SETUP] User 6996adb45e25a10f4831078d joined personal room. Socket: jR0MoAWApjpboGV9AAAL
[2026-03-17T09:50:52.201Z] [Socket-SETUP] User 6996adb45e25a10f4831078d joined personal room. Socket: jR0MoAWApjpboGV9AAAL
[2026-03-17T09:51:40.526Z] [Socket-SETUP] User 69774857485a231537194d64 joined personal room. Socket: 6jhXPGwjENzEqsxxAAAH
[2026-03-17T09:52:11.273Z] [Socket-SETUP] User 69774857485a231537194d64 joined personal room. Socket: 6jhXPGwjENzEqsxxAAAH
[2026-03-17T11:01:50.785Z] [Socket-SETUP] User 6996adb45e25a10f4831078d joined personal room. Socket: erXFUyW5Rays6BjmAAAB
[2026-03-17T11:01:50.800Z] [Socket-SETUP] User 6996adb45e25a10f4831078d joined personal room. Socket: 4-gUCC7FNSN0d_jTAAAD
[2026-03-17T11:02:05.542Z] [Socket-SETUP] User 6996adb45e25a10f4831078d joined personal room. Socket: erXFUyW5Rays6BjmAAAB
[2026-03-17T11:04:09.625Z] [Socket-SETUP] User 6996adb45e25a10f4831078d joined personal room. Socket: erXFUyW5Rays6BjmAAAB
[2026-03-17T11:04:18.511Z] [Socket-SETUP] User 6996adb45e25a10f4831078d joined personal room. Socket: erXFUyW5Rays6BjmAAAB
[2026-03-17T11:11:13.693Z] [Socket-SETUP] User 6996adb45e25a10f4831078d joined personal room. Socket: gAFhro0N5Ga2kzU3AAAF
[2026-03-17T11:11:13.706Z] [Socket-SETUP] User 6996adb45e25a10f4831078d joined personal room. Socket: gAFhro0N5Ga2kzU3AAAF
[2026-03-17T11:11:15.135Z] [Socket-SETUP] User 6996adb45e25a10f4831078d joined personal room. Socket: gAFhro0N5Ga2kzU3AAAF
[2026-03-17T11:13:51.126Z] [Socket-SETUP] User 6996adb45e25a10f4831078d joined personal room. Socket: gAFhro0N5Ga2kzU3AAAF
[2026-03-17T11:13:51.538Z] [Socket-SETUP] User 6996adb45e25a10f4831078d joined personal room. Socket: erXFUyW5Rays6BjmAAAB
[2026-03-17T11:16:20.526Z] [Socket-SETUP] User 6996adb45e25a10f4831078d joined personal room. Socket: 4TUWvpluMZcXmXljAAAH
[2026-03-17T11:16:20.567Z] [Socket-SETUP] User 6996adb45e25a10f4831078d joined personal room. Socket: yLItveRJL5KUjwEIAAAJ
[2026-03-17T11:16:40.935Z] [Socket-SETUP] User 6996adb45e25a10f4831078d joined personal room. Socket: uR406MY2VdCH2_g8AAAL
[2026-03-17T11:16:40.941Z] [Socket-SETUP] User 6996adb45e25a10f4831078d joined personal room. Socket: uR406MY2VdCH2_g8AAAL
[2026-03-17T11:17:49.304Z] [Socket-SETUP] User 6996adb45e25a10f4831078d joined personal room. Socket: uR406MY2VdCH2_g8AAAL
[2026-03-17T11:17:49.526Z] [Socket-SETUP] User 6996adb45e25a10f4831078d joined personal room. Socket: yLItveRJL5KUjwEIAAAJ
[2026-03-17T11:19:07.810Z] [Socket-SETUP] User 6996adb45e25a10f4831078d joined personal room. Socket: yLItveRJL5KUjwEIAAAJ
[2026-03-17T11:19:36.771Z] [Socket-SETUP] User 6996adb45e25a10f4831078d joined personal room. Socket: HIz3AprX-J7VC6uHAAAN
[2026-03-17T11:19:36.779Z] [Socket-SETUP] User 6996adb45e25a10f4831078d joined personal room. Socket: HIz3AprX-J7VC6uHAAAN
[2026-03-17T11:22:53.103Z] [Socket-SETUP] User 6996adb45e25a10f4831078d joined personal room. Socket: v6O27kaRkn6jIIb9AAAP
[2026-03-17T11:22:53.185Z] [Socket-SETUP] User 6996adb45e25a10f4831078d joined personal room. Socket: bvAHZbWSjVszdMJSAAAR
[2026-03-17T11:23:13.944Z] [Socket-SETUP] User 6996adb45e25a10f4831078d joined personal room. Socket: Cgqm_3fcYraMK32PAAAT
[2026-03-17T11:23:13.954Z] [Socket-SETUP] User 6996adb45e25a10f4831078d joined personal room. Socket: Cgqm_3fcYraMK32PAAAT
[2026-03-17T11:23:37.747Z] [Socket-SETUP] User 6996adb45e25a10f4831078d joined personal room. Socket: Cgqm_3fcYraMK32PAAAT
[2026-03-17T11:24:17.684Z] [Socket-SETUP] User 69774857485a231537194d64 joined personal room. Socket: Cgqm_3fcYraMK32PAAAT
[2026-03-17T11:24:24.445Z] [Socket-SETUP] User 69774857485a231537194d64 joined personal room. Socket: Cgqm_3fcYraMK32PAAAT
[2026-03-17T11:24:42.957Z] [Socket-SETUP] User 6996adb45e25a10f4831078d joined personal room. Socket: yo04FRGPs4AG97JWAAAV
[2026-03-17T11:24:42.979Z] [Socket-SETUP] User 6996adb45e25a10f4831078d joined personal room. Socket: s3y6vFFKqIPgvS7qAAAX
[2026-03-17T11:24:46.693Z] [Socket-SETUP] User 6996adb45e25a10f4831078d joined personal room. Socket: s3y6vFFKqIPgvS7qAAAX
[2026-03-17T11:27:18.235Z] [Socket-SETUP] User 69774857485a231537194d64 joined personal room. Socket: kMlPlmhNEX8WHBC4AAAZ
[2026-03-17T11:27:18.241Z] [Socket-SETUP] User 69774857485a231537194d64 joined personal room. Socket: kMlPlmhNEX8WHBC4AAAZ
[2026-03-17T11:32:50.660Z] [Socket-SETUP] User 6996adb45e25a10f4831078d joined personal room. Socket: ftK_TIFsHjEE_XQsAAAb
[2026-03-17T11:32:50.678Z] [Socket-SETUP] User 6996adb45e25a10f4831078d joined personal room. Socket: uEnvvqKBFpqa_vRNAAAd
[2026-03-17T11:32:57.946Z] [Socket-SETUP] User 6996adb45e25a10f4831078d joined personal room. Socket: uEnvvqKBFpqa_vRNAAAd
[2026-03-17T11:40:38.438Z] [Socket-SETUP] User 6996adb45e25a10f4831078d joined personal room. Socket: UCV2vhhp61oZ6b9JAAAf
[2026-03-17T11:40:38.455Z] [Socket-SETUP] User 6996adb45e25a10f4831078d joined personal room. Socket: 1YQqC2qSFE9_37m3AAAh
[2026-03-17T11:40:40.305Z] [Socket-SETUP] User 6996adb45e25a10f4831078d joined personal room. Socket: 1YQqC2qSFE9_37m3AAAh
[2026-03-17T11:43:06.785Z] [Socket-SETUP] User 69774857485a231537194d64 joined personal room. Socket: CWBzRJbq7_lXXhEdAAAj
[2026-03-17T11:43:06.806Z] [Socket-SETUP] User 69774857485a231537194d64 joined personal room. Socket: AeACFVGKBJNnw7PQAAAl
[2026-03-17T11:43:08.686Z] [Socket-SETUP] User 69774857485a231537194d64 joined personal room. Socket: AeACFVGKBJNnw7PQAAAl
[2026-03-17T11:43:32.335Z] [Socket-SETUP] User 69774857485a231537194d64 joined personal room. Socket: AeACFVGKBJNnw7PQAAAl
[2026-03-17T11:58:29.966Z] [Socket-SETUP] User 69774857485a231537194d64 joined personal room. Socket: oDQo3eDBmL1Ff-46AAAo
[2026-03-17T11:58:29.971Z] [Socket-SETUP] User 69774857485a231537194d64 joined personal room. Socket: UZUSXRoJbFapGJD7AAAp
[2026-03-17T11:58:30.166Z] [Socket-SETUP] User 69774857485a231537194d64 joined personal room. Socket: jJdaZalZK5gLZS6yAAAr
[2026-03-17T12:04:15.365Z] [Socket-SETUP] User 69774857485a231537194d64 joined personal room. Socket: SobmSdq56uolg_kxAAAB
[2026-03-17T12:04:15.399Z] [Socket-SETUP] User 69774857485a231537194d64 joined personal room. Socket: AXmTX-a6X7WOBI85AAAD
[2026-03-17T12:04:15.786Z] [Socket-SETUP] User 6996adb45e25a10f4831078d joined personal room. Socket: ZXdxae8WeW4bd8hqAAAH
[2026-03-17T12:04:15.789Z] [Socket-SETUP] User 6996adb45e25a10f4831078d joined personal room. Socket: ZXdxae8WeW4bd8hqAAAH
[2026-03-17T12:04:15.810Z] [Socket-SETUP] User 69774857485a231537194d64 joined personal room. Socket: cAA3P-aFo5w9ZCqRAAAF
[2026-03-17T12:04:15.910Z] [Socket-SETUP] User 6996adb45e25a10f4831078d joined personal room. Socket: c4cIHX7l4cc_Vf9VAAAJ
[2026-03-17T12:06:58.797Z] [Socket-SETUP] User 6996adb45e25a10f4831078d joined personal room. Socket: 4Q2eULtDhn7D1GwbAAAB
[2026-03-17T12:06:58.809Z] [Socket-SETUP] User 6996adb45e25a10f4831078d joined personal room. Socket: qV8dz13t8Hsoxm8FAAAD
[2026-03-17T12:06:58.816Z] [Socket-SETUP] User 6996adb45e25a10f4831078d joined personal room. Socket: qV8dz13t8Hsoxm8FAAAD
[2026-03-17T12:06:58.953Z] [Socket-SETUP] User 69774857485a231537194d64 joined personal room. Socket: ENTxJoWu4_AzWmL4AAAF
[2026-03-17T12:06:59.403Z] [Socket-SETUP] User 69774857485a231537194d64 joined personal room. Socket: uFn99aYk6AACo1UEAAAH
[2026-03-17T12:06:59.669Z] [Socket-SETUP] User 69774857485a231537194d64 joined personal room. Socket: xLMPoQ0dERLzFqQTAAAJ
[2026-03-17T12:08:06.553Z] [Socket-SETUP] User 69774857485a231537194d64 joined personal room. Socket: taXz84kVeym1Ww0EAAAB
[2026-03-17T12:08:06.788Z] [Socket-SETUP] User 6996adb45e25a10f4831078d joined personal room. Socket: 1IrZvchWDmCYLi5IAAAE
[2026-03-17T12:08:06.791Z] [Socket-SETUP] User 6996adb45e25a10f4831078d joined personal room. Socket: 1IrZvchWDmCYLi5IAAAE
[2026-03-17T12:08:06.867Z] [Socket-SETUP] User 69774857485a231537194d64 joined personal room. Socket: h-5ykzWfusdez7avAAAG
[2026-03-17T12:08:06.895Z] [Socket-SETUP] User 69774857485a231537194d64 joined personal room. Socket: iuC-iR3YA93t34XjAAAI
[2026-03-17T12:08:06.905Z] [Socket-SETUP] User 6996adb45e25a10f4831078d joined personal room. Socket: 9rYLQA--QhvqieF2AAAJ
[2026-03-17T12:14:42.081Z] [Socket-SETUP] User 69774857485a231537194d64 joined personal room. Socket: h-5ykzWfusdez7avAAAG
[2026-03-17T12:17:21.409Z] [Socket-SETUP] User 69774857485a231537194d64 joined personal room. Socket: taXz84kVeym1Ww0EAAAB
[2026-03-17T12:22:52.984Z] [Socket-SETUP] User 69774857485a231537194d64 joined personal room. Socket: taXz84kVeym1Ww0EAAAB
[2026-03-17T12:29:04.978Z] [Socket-SETUP] User 69774857485a231537194d64 joined personal room. Socket: taXz84kVeym1Ww0EAAAB
[2026-03-17T12:29:29.643Z] [Socket-SETUP] User 69774857485a231537194d64 joined personal room. Socket: bsJQFjujnqwixSL3AAAC
[2026-03-17T12:29:29.679Z] [Socket-SETUP] User 69774857485a231537194d64 joined personal room. Socket: CIaAUUVegUKxs6UDAAAD
[2026-03-17T12:29:29.758Z] [Socket-SETUP] User 69774857485a231537194d64 joined personal room. Socket: yL85ePuPnCU8gqBvAAAF
[2026-03-17T12:29:29.801Z] [Socket-SETUP] User 6996adb45e25a10f4831078d joined personal room. Socket: cSHj4lh-p1HLBBQTAAAH
[2026-03-17T12:29:29.808Z] [Socket-SETUP] User 6996adb45e25a10f4831078d joined personal room. Socket: cSHj4lh-p1HLBBQTAAAH
[2026-03-17T12:29:30.805Z] [Socket-SETUP] User 6996adb45e25a10f4831078d joined personal room. Socket: MWAD12K3M4tmXSwgAAAJ
[2026-03-17T12:30:40.312Z] [Socket-SETUP] User 69774857485a231537194d64 joined personal room. Socket: WyePPDPScWxPIyplAAAL
[2026-03-17T12:30:40.618Z] [Socket-SETUP] User 69774857485a231537194d64 joined personal room. Socket: rKQieGm9-oEvurSFAAAN
[2026-03-17T12:40:42.405Z] [Socket-SETUP] User 69774857485a231537194d64 joined personal room. Socket: Y_pn1hEnAL3Fxb2xAAAP
[2026-03-17T12:40:43.305Z] [Socket-SETUP] User 69774857485a231537194d64 joined personal room. Socket: Z91Gae66sPjxrr02AAAR
[2026-03-17T12:40:43.818Z] [Socket-SETUP] User 69774857485a231537194d64 joined personal room. Socket: -hFKw5kZ7j-Bid0yAAAT
[2026-03-17T13:00:15.692Z] [Socket-SETUP] User 6996adb45e25a10f4831078d joined personal room. Socket: cSHj4lh-p1HLBBQTAAAH
[2026-03-17T13:01:26.867Z] [Socket-SETUP] User 69774857485a231537194d64 joined personal room. Socket: M7umVw2nwbGY2E8OAAAV
[2026-03-17T13:01:26.921Z] [Socket-SETUP] User 69774857485a231537194d64 joined personal room. Socket: vN7upH70y5rn9tKYAAAX
[2026-03-17T13:02:28.070Z] [Socket-SETUP] User 69774857485a231537194d64 joined personal room. Socket: vN7upH70y5rn9tKYAAAX
[2026-03-17T13:02:28.733Z] [Socket-SETUP] User 6996adb45e25a10f4831078d joined personal room. Socket: cSHj4lh-p1HLBBQTAAAH
[2026-03-17T13:03:25.627Z] [Socket-SETUP] User 69774857485a231537194d64 joined personal room. Socket: vN7upH70y5rn9tKYAAAX
[2026-03-17T13:03:25.763Z] [Socket-SETUP] User 6996adb45e25a10f4831078d joined personal room. Socket: cSHj4lh-p1HLBBQTAAAH
[2026-03-17T13:14:50.354Z] [Socket-SETUP] User 69774857485a231537194d64 joined personal room. Socket: vN7upH70y5rn9tKYAAAX
[2026-03-17T13:16:05.211Z] [Socket-SETUP] User 6996adb45e25a10f4831078d joined personal room. Socket: OwQZjrsijA4YRt6zAAAZ
[2026-03-17T13:16:05.308Z] [Socket-SETUP] User 6996adb45e25a10f4831078d joined personal room. Socket: X3Qc3Fgmu4BvVgpoAAAb
[2026-03-17T13:16:05.310Z] [Socket-SETUP] User 6996adb45e25a10f4831078d joined personal room. Socket: X3Qc3Fgmu4BvVgpoAAAb
[2026-03-17T13:16:33.826Z] [Socket-SETUP] User 69774857485a231537194d64 joined personal room. Socket: mTfgdXWZEy4xcRS5AAAd
[2026-03-17T13:16:33.834Z] [Socket-SETUP] User 69774857485a231537194d64 joined personal room. Socket: mTfgdXWZEy4xcRS5AAAd
[2026-03-17T13:16:41.571Z] [Socket-SETUP] User 6996adb45e25a10f4831078d joined personal room. Socket: exAPNM3EBuJLv4RWAAAf
[2026-03-17T13:16:41.589Z] [Socket-SETUP] User 6996adb45e25a10f4831078d joined personal room. Socket: P8yPU8y-gisXWmI4AAAh
[2026-03-17T13:16:46.137Z] [Socket-SETUP] User 69774857485a231537194d64 joined personal room. Socket: mTfgdXWZEy4xcRS5AAAd
[2026-03-17T13:16:52.945Z] [Socket-SETUP] User 6996adb45e25a10f4831078d joined personal room. Socket: P8yPU8y-gisXWmI4AAAh
[2026-03-17T13:17:35.018Z] [Socket-SETUP] User 6996adb45e25a10f4831078d joined personal room. Socket: P8yPU8y-gisXWmI4AAAh
[2026-03-17T13:17:56.966Z] [Socket-SETUP] User 6996adb45e25a10f4831078d joined personal room. Socket: P8yPU8y-gisXWmI4AAAh
[2026-03-17T13:17:58.673Z] [Socket-SETUP] User 6996adb45e25a10f4831078d joined personal room. Socket: P8yPU8y-gisXWmI4AAAh
[2026-03-17T13:18:01.153Z] [Socket-SETUP] User 6996adb45e25a10f4831078d joined personal room. Socket: P8yPU8y-gisXWmI4AAAh
[2026-03-17T13:18:02.109Z] [Socket-SETUP] User 6996adb45e25a10f4831078d joined personal room. Socket: P8yPU8y-gisXWmI4AAAh
[2026-03-17T13:18:04.619Z] [Socket-SETUP] User 6996adb45e25a10f4831078d joined personal room. Socket: P8yPU8y-gisXWmI4AAAh
[2026-03-17T13:18:15.587Z] [Socket-SETUP] User 6996adb45e25a10f4831078d joined personal room. Socket: P8yPU8y-gisXWmI4AAAh
[2026-03-17T13:18:22.017Z] [Socket-SETUP] User 69774857485a231537194d64 joined personal room. Socket: TerVKRvbj4sqow5lAAAj
[2026-03-17T13:18:22.027Z] [Socket-SETUP] User 69774857485a231537194d64 joined personal room. Socket: TerVKRvbj4sqow5lAAAj
[2026-03-17T13:18:25.987Z] [Socket-SETUP] User 69774857485a231537194d64 joined personal room. Socket: TerVKRvbj4sqow5lAAAj
[2026-03-17T13:20:00.536Z] [Socket-SETUP] User 6996adb45e25a10f4831078d joined personal room. Socket: P8yPU8y-gisXWmI4AAAh
[2026-03-17T13:22:04.833Z] [Socket-SETUP] User 6996adb45e25a10f4831078d joined personal room. Socket: P8yPU8y-gisXWmI4AAAh
[2026-03-17T13:49:25.826Z] [Socket-SETUP] User 6996adb45e25a10f4831078d joined personal room. Socket: P8yPU8y-gisXWmI4AAAh
[2026-03-18T05:19:17.713Z] [Socket-SETUP] User 6996adb45e25a10f4831078d joined personal room. Socket: B07SviWjtuaU4GUnAAAB
[2026-03-18T05:19:17.727Z] [Socket-SETUP] User 6996adb45e25a10f4831078d joined personal room. Socket: SoZ_Z-sagRZkRKRvAAAD
[2026-03-18T05:37:23.970Z] [Socket-SETUP] User 6996adb45e25a10f4831078d joined personal room. Socket: SoZ_Z-sagRZkRKRvAAAD
[2026-03-18T06:48:54.936Z] [Socket-SETUP] User 6996adb45e25a10f4831078d joined personal room. Socket: SoZ_Z-sagRZkRKRvAAAD
[2026-03-18T06:48:57.665Z] [Socket-SETUP] User 6996adb45e25a10f4831078d joined personal room. Socket: SoZ_Z-sagRZkRKRvAAAD
[2026-03-18T06:49:00.543Z] [Socket-SETUP] User 6996adb45e25a10f4831078d joined personal room. Socket: SoZ_Z-sagRZkRKRvAAAD
[2026-03-18T07:05:56.776Z] [Socket-SETUP] User 6996adb45e25a10f4831078d joined personal room. Socket: 5fg6TMVeKXhj2eUaAAAF
[2026-03-18T07:05:56.801Z] [Socket-SETUP] User 6996adb45e25a10f4831078d joined personal room. Socket: iwLayVWGHgjP3hevAAAH
[2026-03-18T07:05:56.805Z] [Socket-SETUP] User 6996adb45e25a10f4831078d joined personal room. Socket: iwLayVWGHgjP3hevAAAH
[2026-03-18T07:06:40.414Z] [Socket-SETUP] User 69774857485a231537194d64 joined personal room. Socket: irbBkkSIb18aJa8nAAAJ
[2026-03-18T07:06:40.420Z] [Socket-SETUP] User 69774857485a231537194d64 joined personal room. Socket: irbBkkSIb18aJa8nAAAJ
[2026-03-18T07:07:48.694Z] [Socket-SETUP] User 6996adb45e25a10f4831078d joined personal room. Socket: 4PT6kxcIHkguHGeEAAAL
[2026-03-18T07:07:48.729Z] [Socket-SETUP] User 6996adb45e25a10f4831078d joined personal room. Socket: Bgy3CGj0uD-oqL6PAAAN
[2026-03-18T07:08:01.880Z] [Socket-SETUP] User 6996adb45e25a10f4831078d joined personal room. Socket: Bgy3CGj0uD-oqL6PAAAN
[2026-03-18T07:24:27.934Z] [Socket-SETUP] User 69774857485a231537194d64 joined personal room. Socket: qzrzsrTxK1wrn7ZiAAAP
[2026-03-18T07:24:27.939Z] [Socket-SETUP] User 69774857485a231537194d64 joined personal room. Socket: KkKGbDWKsct8FfvrAAAR
[2026-03-18T07:25:14.019Z] [Socket-SETUP] User 69774857485a231537194d64 joined personal room. Socket: EST4Bph2lAm9tM60AAAT
[2026-03-18T07:25:14.102Z] [Socket-SETUP] User 69774857485a231537194d64 joined personal room. Socket: tixAUDUGUVCKhGvcAAAV
[2026-03-18T07:27:49.374Z] [Socket-SETUP] User 69774857485a231537194d64 joined personal room. Socket: ftepzo9QQdAT4wk4AAAX
[2026-03-18T07:27:50.808Z] [Socket-SETUP] User 69774857485a231537194d64 joined personal room. Socket: nKIgns3WCd4BPxQsAAAZ
[2026-03-18T07:28:50.185Z] [Socket-SETUP] User 69774857485a231537194d64 joined personal room. Socket: r30rQu5rBtBy2y79AAAb
[2026-03-18T07:28:50.192Z] [Socket-SETUP] User 69774857485a231537194d64 joined personal room. Socket: r30rQu5rBtBy2y79AAAb
[2026-03-18T07:28:54.098Z] [Socket-SETUP] User 69774857485a231537194d64 joined personal room. Socket: 2QJN5OZuegThKa2kAAAd
[2026-03-18T07:37:23.911Z] [Socket-SETUP] User 69774857485a231537194d64 joined personal room. Socket: gsiNddkZjrDRZYeAAAAf
[2026-03-18T07:37:23.919Z] [Socket-SETUP] User 69774857485a231537194d64 joined personal room. Socket: 38ySzKQuqKkBDixUAAAh
[2026-03-18T07:37:36.033Z] [Socket-SETUP] User 6996adb45e25a10f4831078d joined personal room. Socket: Bgy3CGj0uD-oqL6PAAAN
[2026-03-18T07:39:21.415Z] [Socket-SETUP] User 6996adb45e25a10f4831078d joined personal room. Socket: 2jYuNhVxyRr3dt92AAAj
[2026-03-18T07:39:21.438Z] [Socket-SETUP] User 6996adb45e25a10f4831078d joined personal room. Socket: kUMRPca2OYJInaDCAAAl
[2026-03-18T07:39:39.506Z] [Socket-SETUP] User 6996adb45e25a10f4831078d joined personal room. Socket: kUMRPca2OYJInaDCAAAl
[2026-03-18T07:39:53.490Z] [Socket-SETUP] User 69774857485a231537194d64 joined personal room. Socket: gsiNddkZjrDRZYeAAAAf
[2026-03-18T07:39:59.123Z] [Socket-SETUP] User 69774857485a231537194d64 joined personal room. Socket: gsiNddkZjrDRZYeAAAAf
[2026-03-18T07:46:57.477Z] [Socket-SETUP] User 6996adb45e25a10f4831078d joined personal room. Socket: kUMRPca2OYJInaDCAAAl
[2026-03-18T07:52:32.004Z] [Socket-SETUP] User 69774857485a231537194d64 joined personal room. Socket: 8gwaySQzRMbZCQgFAAAn
[2026-03-18T07:52:32.010Z] [Socket-SETUP] User 69774857485a231537194d64 joined personal room. Socket: 8gwaySQzRMbZCQgFAAAn
[2026-03-18T07:52:52.570Z] [Socket-SETUP] User 69774857485a231537194d64 joined personal room. Socket: 8gwaySQzRMbZCQgFAAAn
[2026-03-18T07:53:01.737Z] [Socket-SETUP] User 69774857485a231537194d64 joined personal room. Socket: 8gwaySQzRMbZCQgFAAAn
[2026-03-18T08:14:46.544Z] [Socket-SETUP] User 6996adb45e25a10f4831078d joined personal room. Socket: kUMRPca2OYJInaDCAAAl
[2026-03-18T08:38:46.000Z] [Socket-SETUP] User 6996adb45e25a10f4831078d joined personal room. Socket: Q1NcyQssVtJ7JbHcAAAp
[2026-03-18T08:38:46.003Z] [Socket-SETUP] User 6996adb45e25a10f4831078d joined personal room. Socket: Q1NcyQssVtJ7JbHcAAAp
[2026-03-18T08:57:29.657Z] [Socket-SETUP] User 6996adb45e25a10f4831078d joined personal room. Socket: 4uS4MlAVl7MgMOCCAAAr
[2026-03-18T08:57:29.677Z] [Socket-SETUP] User 6996adb45e25a10f4831078d joined personal room. Socket: v8HnxzldlkLEUE00AAAt
[2026-03-18T08:57:29.680Z] [Socket-SETUP] User 6996adb45e25a10f4831078d joined personal room. Socket: v8HnxzldlkLEUE00AAAt
[2026-03-18T08:58:41.067Z] [Socket-SETUP] User 6996adb45e25a10f4831078d joined personal room. Socket: v8HnxzldlkLEUE00AAAt
[2026-03-18T09:01:58.088Z] [Socket-SETUP] User 69774857485a231537194d64 joined personal room. Socket: gDHzwKXV9RATPpNcAAAv
[2026-03-18T09:02:00.549Z] [Socket-SETUP] User 69774857485a231537194d64 joined personal room. Socket: ZsU0jVanBXJzKIAFAAAx
[2026-03-18T09:02:00.602Z] [Socket-SETUP] User 69774857485a231537194d64 joined personal room. Socket: TCdP9hakMktCH7lpAAAz
[2026-03-18T09:02:01.674Z] [Socket-SETUP] User 69774857485a231537194d64 joined personal room. Socket: eQBZGHG2q_BvCsiCAAA1
[2026-03-18T09:02:53.193Z] [Socket-SETUP] User 69774857485a231537194d64 joined personal room. Socket: TCdP9hakMktCH7lpAAAz
[2026-03-18T09:03:24.724Z] [Socket-SETUP] User 69774857485a231537194d64 joined personal room. Socket: JORyd3DH563k-hk_AAA3
[2026-03-18T09:03:24.821Z] [Socket-SETUP] User 69774857485a231537194d64 joined personal room. Socket: emNkzo54Y0KHHzXRAAA5
[2026-03-18T09:03:28.307Z] [Socket-SETUP] User 69774857485a231537194d64 joined personal room. Socket: emNkzo54Y0KHHzXRAAA5
[2026-03-18T09:04:07.126Z] [Socket-SETUP] User 69774857485a231537194d64 joined personal room. Socket: emNkzo54Y0KHHzXRAAA5
[2026-03-18T09:04:08.734Z] [Socket-SETUP] User 69774857485a231537194d64 joined personal room. Socket: 6alzVAKeuv4bRIa8AAA7
[2026-03-18T09:04:08.875Z] [Socket-SETUP] User 69774857485a231537194d64 joined personal room. Socket: 12cVPUV4Q2f7cYgQAAA9
[2026-03-18T09:04:09.262Z] [Socket-SETUP] User 69774857485a231537194d64 joined personal room. Socket: i5XuaEI_Of5Yti5DAABA
[2026-03-18T09:04:09.269Z] [Socket-SETUP] User 69774857485a231537194d64 joined personal room. Socket: kXstZj79cTt8dJy2AABB
[2026-03-18T09:04:09.775Z] [Socket-SETUP] User 69774857485a231537194d64 joined personal room. Socket: nVlLaG77pibKZ2VNAABD
[2026-03-18T09:04:09.981Z] [Socket-SETUP] User 69774857485a231537194d64 joined personal room. Socket: qR5mSw3u_iI_X85QAABF
[2026-03-18T09:28:52.510Z] [Socket-SETUP] User 6996adb45e25a10f4831078d joined personal room. Socket: HM-tDgibpLO4ydSsAABI
[2026-03-18T09:28:52.516Z] [Socket-SETUP] User 6996adb45e25a10f4831078d joined personal room. Socket: c6sC7jFa9LvynhPhAABJ
[2026-03-18T09:28:55.488Z] [Socket-SETUP] User 6996adb45e25a10f4831078d joined personal room. Socket: HM-tDgibpLO4ydSsAABI
[2026-03-18T09:29:00.475Z] [Socket-SETUP] User 6996adb45e25a10f4831078d joined personal room. Socket: c6sC7jFa9LvynhPhAABJ
[2026-03-18T09:30:40.937Z] [Socket-SETUP] User 6996adb45e25a10f4831078d joined personal room. Socket: 03-VCTH-5G0fOoA0AABL
[2026-03-18T09:30:46.243Z] [Socket-SETUP] User 6996adb45e25a10f4831078d joined personal room. Socket: Ci1hniXM3R6pHUOrAABN
[2026-03-18T09:31:29.976Z] [Socket-SETUP] User 6996adb45e25a10f4831078d joined personal room. Socket: Ci1hniXM3R6pHUOrAABN
[2026-03-18T09:34:01.599Z] [Socket-SETUP] User 6996adb45e25a10f4831078d joined personal room. Socket: F3ko3b3YUtNsOqfVAABP
[2026-03-18T09:34:01.619Z] [Socket-SETUP] User 6996adb45e25a10f4831078d joined personal room. Socket: 5Aml0O17ko1MjSI0AABR
[2026-03-18T09:34:10.465Z] [Socket-SETUP] User 6996adb45e25a10f4831078d joined personal room. Socket: Ci1hniXM3R6pHUOrAABN
[2026-03-18T09:34:53.856Z] [Socket-SETUP] User 69774857485a231537194d64 joined personal room. Socket: Ci1hniXM3R6pHUOrAABN
[2026-03-18T09:35:06.211Z] [Socket-SETUP] User 69774857485a231537194d64 joined personal room. Socket: Ci1hniXM3R6pHUOrAABN
[2026-03-18T09:35:23.003Z] [Socket-SETUP] User 6996adb45e25a10f4831078d joined personal room. Socket: LujK7jy1I6yH2cAsAABT
[2026-03-18T09:35:23.033Z] [Socket-SETUP] User 6996adb45e25a10f4831078d joined personal room. Socket: d9haDBftv6YPfnZUAABV
[2026-03-18T09:35:29.148Z] [Socket-SETUP] User 6996adb45e25a10f4831078d joined personal room. Socket: 4NaXJGCzzflHDHDqAABX
[2026-03-18T09:35:29.208Z] [Socket-SETUP] User 6996adb45e25a10f4831078d joined personal room. Socket: KHDTjUxb6yzH8joGAABZ
[2026-03-18T09:36:48.460Z] [Socket-SETUP] User 69774857485a231537194d64 joined personal room. Socket: _OoMYG96LcW8JZ9wAABb
[2026-03-18T09:36:48.472Z] [Socket-SETUP] User 69774857485a231537194d64 joined personal room. Socket: _OoMYG96LcW8JZ9wAABb
[2026-03-18T09:37:04.213Z] [Socket-SETUP] User 6996adb45e25a10f4831078d joined personal room. Socket: -5H9sA0Kz2Je8shHAABe
[2026-03-18T09:37:04.230Z] [Socket-SETUP] User 6996adb45e25a10f4831078d joined personal room. Socket: -v5aP0vLK4Hdu8PPAABf
[2026-03-18T09:37:55.761Z] [Socket-SETUP] User 69774857485a231537194d64 joined personal room. Socket: 9LSeTP6_QjJZjbMBAABh
[2026-03-18T09:37:55.811Z] [Socket-SETUP] User 69774857485a231537194d64 joined personal room. Socket: MdoC1gg14ooItjAHAABj
[2026-03-18T09:38:07.323Z] [Socket-SETUP] User 6996adb45e25a10f4831078d joined personal room. Socket: -5H9sA0Kz2Je8shHAABe
[2026-03-18T09:38:12.933Z] [Socket-SETUP] User 6996adb45e25a10f4831078d joined personal room. Socket: -v5aP0vLK4Hdu8PPAABf
[2026-03-18T09:38:18.787Z] [Socket-SETUP] User 69774857485a231537194d64 joined personal room. Socket: 9LSeTP6_QjJZjbMBAABh
[2026-03-18T09:38:23.194Z] [Socket-SETUP] User 69774857485a231537194d64 joined personal room. Socket: 9LSeTP6_QjJZjbMBAABh
[2026-03-18T09:40:04.346Z] [Socket-SETUP] User 69774857485a231537194d64 joined personal room. Socket: 9LSeTP6_QjJZjbMBAABh
[2026-03-18T09:52:30.923Z] [Socket-SETUP] User 69774857485a231537194d64 joined personal room. Socket: TYSIEOORm_YpvpZxAABl
[2026-03-18T09:52:30.984Z] [Socket-SETUP] User 69774857485a231537194d64 joined personal room. Socket: jrL3GtYG0j6wcDHwAABn
[2026-03-18T09:52:32.200Z] [Socket-SETUP] User 69774857485a231537194d64 joined personal room. Socket: T-WfA7Tk8AKimqTkAABp
[2026-03-18T10:29:28.592Z] [Socket-SETUP] User 6996adb45e25a10f4831078d joined personal room. Socket: -v5aP0vLK4Hdu8PPAABf
[2026-03-18T10:29:32.839Z] [Socket-SETUP] User 6996adb45e25a10f4831078d joined personal room. Socket: -v5aP0vLK4Hdu8PPAABf
[2026-03-18T10:29:36.095Z] [Socket-SETUP] User 6996adb45e25a10f4831078d joined personal room. Socket: -v5aP0vLK4Hdu8PPAABf
[2026-03-18T10:43:05.995Z] [Socket-SETUP] User 6996adb45e25a10f4831078d joined personal room. Socket: -v5aP0vLK4Hdu8PPAABf
[2026-03-18T10:43:10.097Z] [Socket-SETUP] User 6996adb45e25a10f4831078d joined personal room. Socket: -v5aP0vLK4Hdu8PPAABf
[2026-03-18T11:17:14.113Z] [Socket-SETUP] User 69774857485a231537194d64 joined personal room. Socket: io2UC15WPpl2FvOeAABr
[2026-03-18T11:17:14.126Z] [Socket-SETUP] User 69774857485a231537194d64 joined personal room. Socket: io2UC15WPpl2FvOeAABr
[2026-03-18T11:17:44.514Z] [Socket-SETUP] User 69774857485a231537194d64 joined personal room. Socket: io2UC15WPpl2FvOeAABr
[2026-03-18T11:17:44.533Z] [Socket-SETUP] User 69774857485a231537194d64 joined personal room. Socket: io2UC15WPpl2FvOeAABr
[2026-03-18T11:17:48.648Z] [Socket-SETUP] User 69774857485a231537194d64 joined personal room. Socket: io2UC15WPpl2FvOeAABr
[2026-03-18T11:18:39.812Z] [Socket-SETUP] User 69774857485a231537194d64 joined personal room. Socket: io2UC15WPpl2FvOeAABr
[2026-03-18T11:19:24.304Z] [Socket-SETUP] User 6996adb45e25a10f4831078d joined personal room. Socket: -v5aP0vLK4Hdu8PPAABf
[2026-03-18T11:19:52.096Z] [Socket-SETUP] User 69774857485a231537194d64 joined personal room. Socket: YHzBUWT5J0aUGgkUAABt
[2026-03-18T11:21:03.745Z] [Socket-SETUP] User 6996adb45e25a10f4831078d joined personal room. Socket: 3rtjFqVDgUheDx2jAABv
[2026-03-18T11:21:03.763Z] [Socket-SETUP] User 6996adb45e25a10f4831078d joined personal room. Socket: Pz3PR4CPuJrzd-lnAABx
[2026-03-18T11:21:04.664Z] [Socket-SETUP] User 6996adb45e25a10f4831078d joined personal room. Socket: 9qx5HGuidWhDllZQAABz
[2026-03-18T11:21:04.678Z] [Socket-SETUP] User 6996adb45e25a10f4831078d joined personal room. Socket: G9FWdcC59N6dYLK6AAB1
[2026-03-18T11:21:04.711Z] [Socket-SETUP] User 6996adb45e25a10f4831078d joined personal room. Socket: wxXBthkK3JQS7GtTAAB3
[2026-03-18T11:21:04.727Z] [Socket-SETUP] User 6996adb45e25a10f4831078d joined personal room. Socket: oWdr8w9Sp8hBD_VQAAB5
[2026-03-18T11:23:30.746Z] [Socket-SETUP] User 69774857485a231537194d64 joined personal room. Socket: 6JIAjlk5Em9_Len_AAB7
[2026-03-18T11:23:35.593Z] [Socket-SETUP] User 6996adb45e25a10f4831078d joined personal room. Socket: ainvkNqqBiPfnq8tAAB9
[2026-03-18T11:23:35.606Z] [Socket-SETUP] User 6996adb45e25a10f4831078d joined personal room. Socket: xj_IBBv4f-t0QSQHAAB_
[2026-03-18T11:26:48.455Z] [Socket-SETUP] User 69774857485a231537194d64 joined personal room. Socket: tXBlV7byu2s658p2AACB
[2026-03-18T11:26:48.476Z] [Socket-SETUP] User 69774857485a231537194d64 joined personal room. Socket: tXBlV7byu2s658p2AACB
[2026-03-18T11:26:52.714Z] [Socket-SETUP] User 69774857485a231537194d64 joined personal room. Socket: tXBlV7byu2s658p2AACB
[2026-03-18T11:27:49.829Z] [Socket-SETUP] User 69774857485a231537194d64 joined personal room. Socket: tXBlV7byu2s658p2AACB
[2026-03-18T11:28:10.299Z] [Socket-SETUP] User 69774857485a231537194d64 joined personal room. Socket: 5qqVDjrfNZDTDWfhAACD
[2026-03-18T11:30:06.287Z] [Socket-SETUP] User 69774857485a231537194d64 joined personal room. Socket: wMBIo5nwliRcaISjAACF
[2026-03-18T11:31:53.100Z] [Socket-SETUP] User 69774857485a231537194d64 joined personal room. Socket: ExbUTeEHezWuBy0ZAACH
[2026-03-18T11:31:54.544Z] [Socket-SETUP] User 69774857485a231537194d64 joined personal room. Socket: 35jXrk5xyDHpBmcjAACJ
[2026-03-18T11:39:09.248Z] [Socket-SETUP] User 6996adb45e25a10f4831078d joined personal room. Socket: ainvkNqqBiPfnq8tAAB9
[2026-03-18T11:47:46.659Z] [Socket-SETUP] User 69774857485a231537194d64 joined personal room. Socket: mNhpuib1HpQEtN66AACL
[2026-03-18T11:47:46.744Z] [Socket-SETUP] User 69774857485a231537194d64 joined personal room. Socket: qCRLqKIfwkbqNiVIAACN
[2026-03-18T11:47:54.064Z] [Socket-SETUP] User 69774857485a231537194d64 joined personal room. Socket: qCRLqKIfwkbqNiVIAACN
[2026-03-18T11:48:17.159Z] [Socket-SETUP] User 69774857485a231537194d64 joined personal room. Socket: qCRLqKIfwkbqNiVIAACN
[2026-03-18T11:50:50.296Z] [Socket-SETUP] User 69774857485a231537194d64 joined personal room. Socket: yNMVFBzopdW06nDkAACP
[2026-03-18T11:50:51.484Z] [Socket-SETUP] User 69774857485a231537194d64 joined personal room. Socket: c8IZVnWUVQJrvHfwAACR
[2026-03-18T11:52:04.704Z] [Socket-SETUP] User 69774857485a231537194d64 joined personal room. Socket: zG8WvAkSueyNTn79AACT
[2026-03-18T11:52:10.047Z] [Socket-SETUP] User 69774857485a231537194d64 joined personal room. Socket: bD5yq2jCu24CDj3VAACV
[2026-03-18T11:53:00.810Z] [Socket-SETUP] User 69774857485a231537194d64 joined personal room. Socket: xJXxWYhjV86F5_hCAACX
[2026-03-18T11:53:01.712Z] [Socket-SETUP] User 69774857485a231537194d64 joined personal room. Socket: 3jW8tcoYD34JjZ6_AACZ
[2026-03-18T12:04:08.319Z] [Socket-SETUP] User 6996adb45e25a10f4831078d joined personal room. Socket: gGYPTMNafwUrq-HWAAAB
[2026-03-18T12:04:08.326Z] [Socket-SETUP] User 6996adb45e25a10f4831078d joined personal room. Socket: ra5tSE6onitJNhdHAAAD
[2026-03-18T13:13:54.955Z] [Socket-SETUP] User 6996adb45e25a10f4831078d joined personal room. Socket: ra5tSE6onitJNhdHAAAD
[2026-03-18T13:28:48.508Z] [Socket-SETUP] User 6996adb45e25a10f4831078d joined personal room. Socket: gGYPTMNafwUrq-HWAAAB
[2026-03-18T13:45:31.261Z] [Socket-SETUP] User 6996adb45e25a10f4831078d joined personal room. Socket: gGYPTMNafwUrq-HWAAAB
[2026-03-19T04:51:35.891Z] [Socket-SETUP] User 6996adb45e25a10f4831078d joined personal room. Socket: vd9Gz4wu0lxMHRShAAAB
[2026-03-19T04:51:35.901Z] [Socket-SETUP] User 6996adb45e25a10f4831078d joined personal room. Socket: 1EOKDkg9O3A3_F5GAAAD
[2026-03-19T05:00:17.883Z] [Socket-SETUP] User 6996adb45e25a10f4831078d joined personal room. Socket: vd9Gz4wu0lxMHRShAAAB
[2026-03-19T05:00:24.644Z] [Socket-SETUP] User 6996adb45e25a10f4831078d joined personal room. Socket: 6geOW18A5EPDmu8DAAAF
[2026-03-19T05:00:24.658Z] [Socket-SETUP] User 6996adb45e25a10f4831078d joined personal room. Socket: Fw5kqilRRRsI9tjbAAAH
[2026-03-19T05:12:01.540Z] [Socket-SETUP] User 6996adb45e25a10f4831078d joined personal room. Socket: 6geOW18A5EPDmu8DAAAF
[2026-03-19T05:24:52.477Z] [Socket-SETUP] User 69774857485a231537194d64 joined personal room. Socket: 190mB2P7hzqHtftPAAAJ
[2026-03-19T05:24:52.501Z] [Socket-SETUP] User 69774857485a231537194d64 joined personal room. Socket: pXp2R8JbGZoQrS9OAAAL
[2026-03-19T05:24:54.911Z] [Socket-SETUP] User 69774857485a231537194d64 joined personal room. Socket: 190mB2P7hzqHtftPAAAJ
[2026-03-19T05:25:47.444Z] [Socket-SETUP] User 69774857485a231537194d64 joined personal room. Socket: _7y62cAwGM7hdFKZAAAN
[2026-03-19T05:26:05.295Z] [Socket-SETUP] User 6996adb45e25a10f4831078d joined personal room. Socket: CKQmc1qsyyfjmSzzAAAB
[2026-03-19T05:26:05.375Z] [Socket-SETUP] User 6996adb45e25a10f4831078d joined personal room. Socket: UKrpn_yhbEydFBxyAAAD
[2026-03-19T05:26:13.311Z] [Socket-SETUP] User 69774857485a231537194d64 joined personal room. Socket: TcnBCOJOb0qxDXxEAAAF
[2026-03-19T05:26:21.675Z] [Socket-SETUP] User 69774857485a231537194d64 joined personal room. Socket: TcnBCOJOb0qxDXxEAAAF
[2026-03-19T05:26:42.969Z] [Socket-SETUP] User 69774857485a231537194d64 joined personal room. Socket: WOtXlrtu0XFuSexlAAAH
[2026-03-19T05:26:42.978Z] [Socket-SETUP] User 69774857485a231537194d64 joined personal room. Socket: WOtXlrtu0XFuSexlAAAH
[2026-03-19T05:26:43.693Z] [Socket-SETUP] User 69774857485a231537194d64 joined personal room. Socket: YJQSXMPxx8l1914aAAAJ
[2026-03-19T05:27:17.558Z] [Socket-SETUP] User 69774857485a231537194d64 joined personal room. Socket: WOtXlrtu0XFuSexlAAAH
[2026-03-19T05:27:25.831Z] [Socket-SETUP] User 69774857485a231537194d64 joined personal room. Socket: WOtXlrtu0XFuSexlAAAH
[2026-03-19T06:55:10.339Z] [Socket-SETUP] User 6996adb45e25a10f4831078d joined personal room. Socket: CKQmc1qsyyfjmSzzAAAB
[2026-03-19T07:00:37.646Z] [Socket-SETUP] User 6996adb45e25a10f4831078d joined personal room. Socket: UKrpn_yhbEydFBxyAAAD
[2026-03-19T08:13:21.358Z] [Socket-SETUP] User 6996adb45e25a10f4831078d joined personal room. Socket: PpFkGZi-I0y0HY6CAAAL
[2026-03-19T08:13:21.396Z] [Socket-SETUP] User 6996adb45e25a10f4831078d joined personal room. Socket: hkI7rJnYXfZoXkX3AAAN
[2026-03-19T08:13:21.400Z] [Socket-SETUP] User 6996adb45e25a10f4831078d joined personal room. Socket: hkI7rJnYXfZoXkX3AAAN
[2026-03-19T08:21:47.356Z] [Socket-SETUP] User 6996adb45e25a10f4831078d joined personal room. Socket: 23XccX-Wjnwm2enVAAAP
[2026-03-19T08:21:47.360Z] [Socket-SETUP] User 6996adb45e25a10f4831078d joined personal room. Socket: 23XccX-Wjnwm2enVAAAP
[2026-03-19T08:21:48.357Z] [Socket-SETUP] User 6996adb45e25a10f4831078d joined personal room. Socket: uRp0NwPQi7xy1l-kAAAR
[2026-03-19T08:22:06.737Z] [Socket-SETUP] User 6996adb45e25a10f4831078d joined personal room. Socket: td_6Oz8BQQzBycipAAAT
[2026-03-19T08:22:06.759Z] [Socket-SETUP] User 6996adb45e25a10f4831078d joined personal room. Socket: cxeFDxxhPiubXLpXAAAV
[2026-03-19T08:22:06.762Z] [Socket-SETUP] User 6996adb45e25a10f4831078d joined personal room. Socket: cxeFDxxhPiubXLpXAAAV
[2026-03-19T08:57:59.374Z] [Socket-SETUP] User 6996adb45e25a10f4831078d joined personal room. Socket: Wiyx8dXSbvnCouunAAAX
[2026-03-19T08:57:59.376Z] [Socket-SETUP] User 6996adb45e25a10f4831078d joined personal room. Socket: Wiyx8dXSbvnCouunAAAX
[2026-03-19T08:57:59.435Z] [Socket-SETUP] User 6996adb45e25a10f4831078d joined personal room. Socket: IIOwDiKk7870auyjAAAZ
[2026-03-19T09:04:23.605Z] [Socket-SETUP] User 6996adb45e25a10f4831078d joined personal room. Socket: 37SJELoLtpmFSwUBAAAb
[2026-03-19T09:04:23.620Z] [Socket-SETUP] User 6996adb45e25a10f4831078d joined personal room. Socket: 40wXq6t1iVk4WpYZAAAd
[2026-03-19T09:27:34.797Z] [Socket-SETUP] User 6996adb45e25a10f4831078d joined personal room. Socket: 40wXq6t1iVk4WpYZAAAd
[2026-03-19T10:28:36.736Z] [Socket-SETUP] User 69774857485a231537194d64 joined personal room. Socket: nN3EMLYhnOz_XM3XAAAf
[2026-03-19T10:28:36.743Z] [Socket-SETUP] User 69774857485a231537194d64 joined personal room. Socket: nN3EMLYhnOz_XM3XAAAf
[2026-03-19T10:29:00.932Z] [Socket-SETUP] User 6996adb45e25a10f4831078d joined personal room. Socket: YXVNvWRAFK0bJhNTAAAh
[2026-03-19T10:29:00.959Z] [Socket-SETUP] User 6996adb45e25a10f4831078d joined personal room. Socket: rEf1lExHhnabLf1HAAAj
[2026-03-19T10:29:03.975Z] [Socket-SETUP] User 6996adb45e25a10f4831078d joined personal room. Socket: rEf1lExHhnabLf1HAAAj
[2026-03-19T10:29:09.220Z] [Socket-SETUP] User 69774857485a231537194d64 joined personal room. Socket: nN3EMLYhnOz_XM3XAAAf
[2026-03-19T10:29:16.033Z] [Socket-SETUP] User 69774857485a231537194d64 joined personal room. Socket: nN3EMLYhnOz_XM3XAAAf
[2026-03-19T10:29:45.231Z] [Socket-SETUP] User 69774857485a231537194d64 joined personal room. Socket: nN3EMLYhnOz_XM3XAAAf
[2026-03-19T10:31:13.747Z] [Socket-SETUP] User 6996adb45e25a10f4831078d joined personal room. Socket: rEf1lExHhnabLf1HAAAj
[2026-03-19T10:32:18.592Z] [Socket-SETUP] User 69774857485a231537194d64 joined personal room. Socket: nN3EMLYhnOz_XM3XAAAf
[2026-03-19T10:35:25.702Z] [Socket-SETUP] User 6996adb45e25a10f4831078d joined personal room. Socket: rEf1lExHhnabLf1HAAAj
[2026-03-19T10:35:26.227Z] [Socket-SETUP] User 69774857485a231537194d64 joined personal room. Socket: nN3EMLYhnOz_XM3XAAAf
[2026-03-19T10:37:41.747Z] [Socket-SETUP] User 69774857485a231537194d64 joined personal room. Socket: Ft8mRh2Yj04Q_1H6AAAl
[2026-03-19T10:37:41.757Z] [Socket-SETUP] User 69774857485a231537194d64 joined personal room. Socket: Ft8mRh2Yj04Q_1H6AAAl
[2026-03-19T10:40:57.423Z] [Socket-SETUP] User 6996adb45e25a10f4831078d joined personal room. Socket: EIQc7IHicVMF3xiVAAAn
[2026-03-19T10:40:57.454Z] [Socket-SETUP] User 6996adb45e25a10f4831078d joined personal room. Socket: RJn8zeUmDBkDtQjGAAAp
[2026-03-19T10:41:03.181Z] [Socket-SETUP] User 6996adb45e25a10f4831078d joined personal room. Socket: RJn8zeUmDBkDtQjGAAAp
[2026-03-19T10:41:11.379Z] [Socket-SETUP] User 69774857485a231537194d64 joined personal room. Socket: Ft8mRh2Yj04Q_1H6AAAl
[2026-03-19T10:48:50.463Z] [Socket-SETUP] User 69774857485a231537194d64 joined personal room. Socket: Dq9rDhv3ZgN1GuCDAAAr
[2026-03-19T10:48:50.487Z] [Socket-SETUP] User 69774857485a231537194d64 joined personal room. Socket: h2NZyV6XB1JDXIYhAAAt
[2026-03-19T10:50:45.624Z] [Socket-SETUP] User 6996adb45e25a10f4831078d joined personal room. Socket: tBD-P_Dzc4PonBhdAAAv
[2026-03-19T10:50:45.640Z] [Socket-SETUP] User 6996adb45e25a10f4831078d joined personal room. Socket: PcF6L7C0Bxo-oT_WAAAx
[2026-03-19T10:51:01.166Z] [Socket-SETUP] User 69774857485a231537194d64 joined personal room. Socket: h2NZyV6XB1JDXIYhAAAt
[2026-03-19T10:51:20.209Z] [Socket-SETUP] User 69774857485a231537194d64 joined personal room. Socket: h2NZyV6XB1JDXIYhAAAt
[2026-03-19T10:52:03.421Z] [Socket-SETUP] User 6996adb45e25a10f4831078d joined personal room. Socket: PcF6L7C0Bxo-oT_WAAAx
[2026-03-19T10:52:08.214Z] [Socket-SETUP] User 69774857485a231537194d64 joined personal room. Socket: h2NZyV6XB1JDXIYhAAAt
[2026-03-19T10:52:35.282Z] [Socket-SETUP] User 69774857485a231537194d64 joined personal room. Socket: h2NZyV6XB1JDXIYhAAAt
[2026-03-19T10:55:04.513Z] [Socket-SETUP] User 69774857485a231537194d64 joined personal room. Socket: h2NZyV6XB1JDXIYhAAAt
[2026-03-19T10:55:04.571Z] [Socket-SETUP] User 6996adb45e25a10f4831078d joined personal room. Socket: PcF6L7C0Bxo-oT_WAAAx
[2026-03-19T10:55:23.577Z] [Socket-SETUP] User 6996adb45e25a10f4831078d joined personal room. Socket: PcF6L7C0Bxo-oT_WAAAx
[2026-03-19T10:55:23.627Z] [Socket-SETUP] User 69774857485a231537194d64 joined personal room. Socket: h2NZyV6XB1JDXIYhAAAt
[2026-03-19T11:02:48.973Z] [Socket-SETUP] User 6996adb45e25a10f4831078d joined personal room. Socket: 8iCA05gIjjRR39q_AAAz
[2026-03-19T11:02:49.032Z] [Socket-SETUP] User 6996adb45e25a10f4831078d joined personal room. Socket: 7JKkultGl8asAgSFAAA1
[2026-03-19T11:02:49.035Z] [Socket-SETUP] User 6996adb45e25a10f4831078d joined personal room. Socket: 7JKkultGl8asAgSFAAA1
[2026-03-19T11:03:12.518Z] [Socket-SETUP] User 69774857485a231537194d64 joined personal room. Socket: Jr4O5mQItj3RU8l1AAA3
[2026-03-19T11:03:12.522Z] [Socket-SETUP] User 69774857485a231537194d64 joined personal room. Socket: q9BpYZ50Misrxzt8AAA5
[2026-03-19T11:03:25.082Z] [Socket-SETUP] User 6996adb45e25a10f4831078d joined personal room. Socket: 8iCA05gIjjRR39q_AAAz
[2026-03-19T11:03:32.941Z] [Socket-SETUP] User 6996adb45e25a10f4831078d joined personal room. Socket: UbgsJv_YHhmPlRCkAAA7
[2026-03-19T11:03:32.992Z] [Socket-SETUP] User 6996adb45e25a10f4831078d joined personal room. Socket: 67J1EkYhnxsg5XzsAAA9
[2026-03-19T11:03:32.995Z] [Socket-SETUP] User 6996adb45e25a10f4831078d joined personal room. Socket: 67J1EkYhnxsg5XzsAAA9
[2026-03-19T11:03:37.889Z] [Socket-SETUP] User 69774857485a231537194d64 joined personal room. Socket: q9BpYZ50Misrxzt8AAA5
[2026-03-19T11:07:50.245Z] [Socket-SETUP] User 69774857485a231537194d64 joined personal room. Socket: q9BpYZ50Misrxzt8AAA5
[2026-03-19T11:07:50.544Z] [Socket-SETUP] User 6996adb45e25a10f4831078d joined personal room. Socket: 67J1EkYhnxsg5XzsAAA9
[2026-03-19T11:16:19.216Z] [Socket-SETUP] User 6996adb45e25a10f4831078d joined personal room. Socket: x9pN7MOWHCsM5knUAAAB
[2026-03-19T11:16:19.235Z] [Socket-SETUP] User 6996adb45e25a10f4831078d joined personal room. Socket: E3SF9x3f2BciRLCEAAAD
[2026-03-19T11:16:19.239Z] [Socket-SETUP] User 6996adb45e25a10f4831078d joined personal room. Socket: E3SF9x3f2BciRLCEAAAD
[2026-03-19T11:16:20.562Z] [Socket-SETUP] User 69774857485a231537194d64 joined personal room. Socket: rFVndL3bAC043jleAAAF
[2026-03-19T11:16:20.578Z] [Socket-SETUP] User 69774857485a231537194d64 joined personal room. Socket: rFVndL3bAC043jleAAAF
[2026-03-19T11:16:21.684Z] [Socket-SETUP] User 69774857485a231537194d64 joined personal room. Socket: bGdG2c48aOLstwR7AAAH
[2026-03-19T11:17:32.696Z] [Socket-SETUP] User 6996adb45e25a10f4831078d joined personal room. Socket: E3SF9x3f2BciRLCEAAAD
[2026-03-19T11:17:32.887Z] [Socket-SETUP] User 69774857485a231537194d64 joined personal room. Socket: rFVndL3bAC043jleAAAF
[2026-03-19T11:17:43.711Z] [Socket-SETUP] User 6996adb45e25a10f4831078d joined personal room. Socket: E3SF9x3f2BciRLCEAAAD
[2026-03-19T11:17:43.812Z] [Socket-SETUP] User 69774857485a231537194d64 joined personal room. Socket: rFVndL3bAC043jleAAAF
[2026-03-19T11:18:29.943Z] [Socket-SETUP] User 69774857485a231537194d64 joined personal room. Socket: rFVndL3bAC043jleAAAF
[2026-03-19T11:18:30.548Z] [Socket-SETUP] User 6996adb45e25a10f4831078d joined personal room. Socket: E3SF9x3f2BciRLCEAAAD
[2026-03-19T11:20:51.292Z] [Socket-SETUP] User 6996adb45e25a10f4831078d joined personal room. Socket: PIKV5PlWbRJLQ3P-AAAJ
[2026-03-19T11:20:51.439Z] [Socket-SETUP] User 6996adb45e25a10f4831078d joined personal room. Socket: b-9vG28d5Og6wPAtAAAL
[2026-03-19T11:20:51.442Z] [Socket-SETUP] User 6996adb45e25a10f4831078d joined personal room. Socket: b-9vG28d5Og6wPAtAAAL
[2026-03-19T11:21:36.637Z] [Socket-SETUP] User 69774857485a231537194d64 joined personal room. Socket: VxE20jFpDuNyqmhHAAAN
[2026-03-19T11:21:36.657Z] [Socket-SETUP] User 69774857485a231537194d64 joined personal room. Socket: 1cZ6qFiuNkUkINStAAAP
[2026-03-19T11:22:37.496Z] [Socket-SETUP] User 6996adb45e25a10f4831078d joined personal room. Socket: Fr2xfQLFdDjwLVZBAAAR
[2026-03-19T11:22:37.527Z] [Socket-SETUP] User 6996adb45e25a10f4831078d joined personal room. Socket: _Tv6wJtTGxiGOZjfAAAT
[2026-03-19T11:22:40.583Z] [Socket-SETUP] User 6996adb45e25a10f4831078d joined personal room. Socket: _Tv6wJtTGxiGOZjfAAAT
[2026-03-19T11:22:46.056Z] [Socket-SETUP] User 69774857485a231537194d64 joined personal room. Socket: VxE20jFpDuNyqmhHAAAN
[2026-03-19T11:28:57.507Z] [Socket-SETUP] User 69774857485a231537194d64 joined personal room. Socket: XGMzRrAodqlXNtfyAAAC
[2026-03-19T11:28:57.512Z] [Socket-SETUP] User 69774857485a231537194d64 joined personal room. Socket: Zh2BGQ4-g98o0KxAAAAD
[2026-03-19T11:28:57.688Z] [Socket-SETUP] User 6996adb45e25a10f4831078d joined personal room. Socket: 4hRQWmD9v8bz9MeJAAAF
[2026-03-19T11:28:57.691Z] [Socket-SETUP] User 6996adb45e25a10f4831078d joined personal room. Socket: 4hRQWmD9v8bz9MeJAAAF
[2026-03-19T11:28:57.817Z] [Socket-SETUP] User 6996adb45e25a10f4831078d joined personal room. Socket: qI-B1hC5UkGs2jNRAAAH
[2026-03-19T11:30:04.483Z] [Socket-SETUP] User 69774857485a231537194d64 joined personal room. Socket: lIo3Y4SG4XSVYAzgAAAJ
[2026-03-19T11:30:04.493Z] [Socket-SETUP] User 69774857485a231537194d64 joined personal room. Socket: lIo3Y4SG4XSVYAzgAAAJ
[2026-03-19T11:30:05.172Z] [Socket-SETUP] User 6996adb45e25a10f4831078d joined personal room. Socket: HgwF-BUHexdoFvvTAAAL
[2026-03-19T11:30:05.246Z] [Socket-SETUP] User 6996adb45e25a10f4831078d joined personal room. Socket: -ASh4QvW4c8399jIAAAN
[2026-03-19T11:30:05.251Z] [Socket-SETUP] User 6996adb45e25a10f4831078d joined personal room. Socket: -ASh4QvW4c8399jIAAAN
[2026-03-19T11:30:20.391Z] [Socket-SETUP] User 69774857485a231537194d64 joined personal room. Socket: lIo3Y4SG4XSVYAzgAAAJ
[2026-03-19T11:30:20.570Z] [Socket-SETUP] User 6996adb45e25a10f4831078d joined personal room. Socket: -ASh4QvW4c8399jIAAAN
[2026-03-19T11:33:24.260Z] [Socket-SETUP] User 69774857485a231537194d64 joined personal room. Socket: lIo3Y4SG4XSVYAzgAAAJ
[2026-03-19T11:33:24.610Z] [Socket-SETUP] User 6996adb45e25a10f4831078d joined personal room. Socket: -ASh4QvW4c8399jIAAAN
[2026-03-19T11:33:37.937Z] [Socket-SETUP] User 69774857485a231537194d64 joined personal room. Socket: lIo3Y4SG4XSVYAzgAAAJ
[2026-03-19T11:33:38.557Z] [Socket-SETUP] User 6996adb45e25a10f4831078d joined personal room. Socket: -ASh4QvW4c8399jIAAAN
[2026-03-19T12:02:47.882Z] [Socket-SETUP] User 69774857485a231537194d64 joined personal room. Socket: 4HkX8Onxi4Fp7SthAAAS
[2026-03-19T12:02:47.886Z] [Socket-SETUP] User 69774857485a231537194d64 joined personal room. Socket: 7bmS3fYNUP0iPBjmAAAT
[2026-03-19T12:02:47.890Z] [Socket-SETUP] User 69774857485a231537194d64 joined personal room. Socket: OzYhF5no_rf5baq7AAAU
[2026-03-19T12:02:47.893Z] [Socket-SETUP] User 69774857485a231537194d64 joined personal room. Socket: R1c2nrNH72VCxtNBAAAV
[2026-03-19T12:08:32.184Z] [Socket-SETUP] User 69774857485a231537194d64 joined personal room. Socket: R1c2nrNH72VCxtNBAAAV
[2026-03-19T12:08:32.583Z] [Socket-SETUP] User 6996adb45e25a10f4831078d joined personal room. Socket: -ASh4QvW4c8399jIAAAN
[2026-03-19T12:14:24.376Z] [Socket-SETUP] User 69774857485a231537194d64 joined personal room. Socket: R1c2nrNH72VCxtNBAAAV
[2026-03-19T12:17:15.436Z] [Socket-SETUP] User 6996adb45e25a10f4831078d joined personal room. Socket: 9eS9vbw68aTqwwcwAAAX
[2026-03-19T12:17:15.451Z] [Socket-SETUP] User 6996adb45e25a10f4831078d joined personal room. Socket: GmamVFbC2un8pidTAAAZ
[2026-03-19T12:17:17.336Z] [Socket-SETUP] User 6996adb45e25a10f4831078d joined personal room. Socket: GmamVFbC2un8pidTAAAZ
[2026-03-19T12:18:26.384Z] [Socket-SETUP] User 69774857485a231537194d64 joined personal room. Socket: AAx6JJlSBSeyd4Z7AAAb
[2026-03-19T12:18:26.390Z] [Socket-SETUP] User 69774857485a231537194d64 joined personal room. Socket: AAx6JJlSBSeyd4Z7AAAb
[2026-03-19T12:27:26.291Z] [Socket-SETUP] User 69774857485a231537194d64 joined personal room. Socket: AAx6JJlSBSeyd4Z7AAAb
[2026-03-19T12:27:26.584Z] [Socket-SETUP] User 6996adb45e25a10f4831078d joined personal room. Socket: GmamVFbC2un8pidTAAAZ
[2026-03-19T12:27:38.764Z] [Socket-SETUP] User 6996adb45e25a10f4831078d joined personal room. Socket: _rjBSpAqjE6_LmIBAAAd
[2026-03-19T12:27:38.958Z] [Socket-SETUP] User 6996adb45e25a10f4831078d joined personal room. Socket: TbBmdo_7Mxl3InDoAAAf
[2026-03-19T12:27:38.961Z] [Socket-SETUP] User 6996adb45e25a10f4831078d joined personal room. Socket: TbBmdo_7Mxl3InDoAAAf
[2026-03-19T12:27:49.528Z] [Socket-SETUP] User 6996adb45e25a10f4831078d joined personal room. Socket: TbBmdo_7Mxl3InDoAAAf
[2026-03-19T12:28:53.609Z] [Socket-SETUP] User 6996adb45e25a10f4831078d joined personal room. Socket: TbBmdo_7Mxl3InDoAAAf
[2026-03-19T12:31:33.548Z] [Socket-SETUP] User 6996adb45e25a10f4831078d joined personal room. Socket: TbBmdo_7Mxl3InDoAAAf
[2026-03-19T12:32:10.564Z] [Socket-SETUP] User 6996adb45e25a10f4831078d joined personal room. Socket: TbBmdo_7Mxl3InDoAAAf
[2026-03-19T12:33:46.701Z] [Socket-SETUP] User 6996adb45e25a10f4831078d joined personal room. Socket: mcGsusJNoU4GkK3nAAAB
[2026-03-19T12:33:46.712Z] [Socket-SETUP] User 6996adb45e25a10f4831078d joined personal room. Socket: A5LDL9YCCcS2FbBtAAAD
[2026-03-19T12:33:46.714Z] [Socket-SETUP] User 6996adb45e25a10f4831078d joined personal room. Socket: A5LDL9YCCcS2FbBtAAAD
[2026-03-19T12:33:52.529Z] [Socket-SETUP] User 6996adb45e25a10f4831078d joined personal room. Socket: A5LDL9YCCcS2FbBtAAAD
[2026-03-19T12:33:59.500Z] [Socket-SETUP] User 6996adb45e25a10f4831078d joined personal room. Socket: A5LDL9YCCcS2FbBtAAAD
[2026-03-19T12:35:45.880Z] [Socket-SETUP] User 6996adb45e25a10f4831078d joined personal room. Socket: yNpRqxdoquhvgjUyAAAF
[2026-03-19T12:35:45.898Z] [Socket-SETUP] User 6996adb45e25a10f4831078d joined personal room. Socket: 8SZYpTUuPETb5gsPAAAH
[2026-03-19T12:35:45.901Z] [Socket-SETUP] User 6996adb45e25a10f4831078d joined personal room. Socket: 8SZYpTUuPETb5gsPAAAH
[2026-03-19T12:36:16.087Z] [Socket-SETUP] User 69774857485a231537194d64 joined personal room. Socket: lpgXX1RCdnMxsmICAAAJ
[2026-03-19T12:36:16.119Z] [Socket-SETUP] User 69774857485a231537194d64 joined personal room. Socket: AjyfYkNkhyrkgDnKAAAL
[2026-03-19T12:41:20.635Z] [Socket-SETUP] User 69774857485a231537194d64 joined personal room. Socket: AjyfYkNkhyrkgDnKAAAL
[2026-03-19T12:41:52.691Z] [Socket-SETUP] User 6996adb45e25a10f4831078d joined personal room. Socket: jIQg491HAkFE9SsLAAAN
[2026-03-19T12:41:52.704Z] [Socket-SETUP] User 6996adb45e25a10f4831078d joined personal room. Socket: nZTtQb6HZHFXqad1AAAP
[2026-03-19T12:42:00.906Z] [Socket-SETUP] User 6996adb45e25a10f4831078d joined personal room. Socket: nZTtQb6HZHFXqad1AAAP
[2026-03-19T12:43:38.076Z] [Socket-SETUP] User 69774857485a231537194d64 joined personal room. Socket: AQDE5h6MdmPo0VdZAAAR
[2026-03-19T12:43:38.133Z] [Socket-SETUP] User 69774857485a231537194d64 joined personal room. Socket: LRqRKFjFJETDUFdNAAAT
[2026-03-19T12:43:48.515Z] [Socket-SETUP] User 6996adb45e25a10f4831078d joined personal room. Socket: nZTtQb6HZHFXqad1AAAP
[2026-03-19T12:43:50.445Z] [Socket-SETUP] User 69774857485a231537194d64 joined personal room. Socket: AQDE5h6MdmPo0VdZAAAR
[2026-03-19T12:44:33.045Z] [Socket-SETUP] User 69774857485a231537194d64 joined personal room. Socket: AQDE5h6MdmPo0VdZAAAR
[2026-03-19T12:44:54.572Z] [Socket-SETUP] User 6996adb45e25a10f4831078d joined personal room. Socket: nZTtQb6HZHFXqad1AAAP
[2026-03-19T12:45:15.935Z] [Socket-SETUP] User 69774857485a231537194d64 joined personal room. Socket: OQU7plbV29COZLYCAAAV
[2026-03-19T12:45:15.986Z] [Socket-SETUP] User 69774857485a231537194d64 joined personal room. Socket: OQU7plbV29COZLYCAAAV
[2026-03-19T12:45:25.984Z] [Socket-SETUP] User 69774857485a231537194d64 joined personal room. Socket: OQU7plbV29COZLYCAAAV
[2026-03-19T12:46:07.863Z] [Socket-SETUP] User 69774857485a231537194d64 joined personal room. Socket: OQU7plbV29COZLYCAAAV
[2026-03-19T12:46:19.074Z] [Socket-SETUP] User 69774857485a231537194d64 joined personal room. Socket: LsGkQv09ZgvAAHVNAAAX
[2026-03-19T12:46:19.085Z] [Socket-SETUP] User 69774857485a231537194d64 joined personal room. Socket: 4IRFLkW7UZ9ikOIyAAAZ
[2026-03-19T12:48:27.437Z] [Socket-SETUP] User 69774857485a231537194d64 joined personal room. Socket: LsGkQv09ZgvAAHVNAAAX
[2026-03-19T12:49:54.368Z] [Socket-SETUP] User 69774857485a231537194d64 joined personal room. Socket: Um3MCiEEnXgeLiy1AAAb
[2026-03-19T12:49:54.401Z] [Socket-SETUP] User 69774857485a231537194d64 joined personal room. Socket: T-uu8Sa8jM6FZv8PAAAd
[2026-03-19T12:50:01.274Z] [Socket-SETUP] User 69774857485a231537194d64 joined personal room. Socket: T-uu8Sa8jM6FZv8PAAAd
[2026-03-19T12:50:01.657Z] [Socket-SETUP] User 6996adb45e25a10f4831078d joined personal room. Socket: nZTtQb6HZHFXqad1AAAP
[2026-03-19T12:52:25.982Z] [Socket-SETUP] User 69774857485a231537194d64 joined personal room. Socket: T-uu8Sa8jM6FZv8PAAAd
[2026-03-19T12:52:31.952Z] [Socket-SETUP] User 6996adb45e25a10f4831078d joined personal room. Socket: z6FWrmvuGXk_t7psAAAf
[2026-03-19T12:52:32.010Z] [Socket-SETUP] User 6996adb45e25a10f4831078d joined personal room. Socket: kdqxVOOsxKERVYTcAAAh
[2026-03-19T12:52:32.011Z] [Socket-SETUP] User 6996adb45e25a10f4831078d joined personal room. Socket: kdqxVOOsxKERVYTcAAAh
[2026-03-19T12:53:01.152Z] [Socket-SETUP] User 69774857485a231537194d64 joined personal room. Socket: lY0aqdbzsSo3peeFAAAj
[2026-03-19T12:53:01.155Z] [Socket-SETUP] User 69774857485a231537194d64 joined personal room. Socket: lY0aqdbzsSo3peeFAAAj
[2026-03-19T12:53:06.966Z] [Socket-SETUP] User 6996adb45e25a10f4831078d joined personal room. Socket: ioC3YiduNAXNj6tkAAAl
[2026-03-19T12:53:06.977Z] [Socket-SETUP] User 6996adb45e25a10f4831078d joined personal room. Socket: zPQ5F2dMOj35MITdAAAn
[2026-03-19T12:53:20.467Z] [Socket-SETUP] User 6996adb45e25a10f4831078d joined personal room. Socket: zPQ5F2dMOj35MITdAAAn
[2026-03-19T12:55:48.616Z] [Socket-SETUP] User 69774857485a231537194d64 joined personal room. Socket: M1H15zhop8ArXmBEAAAp
[2026-03-19T12:55:48.639Z] [Socket-SETUP] User 69774857485a231537194d64 joined personal room. Socket: M1H15zhop8ArXmBEAAAp
[2026-03-19T12:56:19.485Z] [Socket-SETUP] User 6996adb45e25a10f4831078d joined personal room. Socket: zPQ5F2dMOj35MITdAAAn
[2026-03-19T12:56:24.196Z] [Socket-SETUP] User 69774857485a231537194d64 joined personal room. Socket: M1H15zhop8ArXmBEAAAp
[2026-03-19T12:56:48.713Z] [Socket-SETUP] User 69774857485a231537194d64 joined personal room. Socket: M1H15zhop8ArXmBEAAAp
[2026-03-19T12:56:48.719Z] [Socket-SETUP] User 69774857485a231537194d64 joined personal room. Socket: M1H15zhop8ArXmBEAAAp
[2026-03-19T12:56:54.679Z] [Socket-SETUP] User 69774857485a231537194d64 joined personal room. Socket: M1H15zhop8ArXmBEAAAp
[2026-03-19T12:59:43.018Z] [Socket-SETUP] User 69774857485a231537194d64 joined personal room. Socket: M1H15zhop8ArXmBEAAAp
[2026-03-19T13:00:27.791Z] [Socket-SETUP] User 69774857485a231537194d64 joined personal room. Socket: M1H15zhop8ArXmBEAAAp
[2026-03-19T13:34:19.643Z] [Socket-SETUP] User 6996adb45e25a10f4831078d joined personal room. Socket: zPQ5F2dMOj35MITdAAAn
[2026-03-20T04:41:43.777Z] [Socket-SETUP] User 6996adb45e25a10f4831078d joined personal room. Socket: iVr66rwQ5EOOD0_EAAAB
[2026-03-20T04:41:43.794Z] [Socket-SETUP] User 6996adb45e25a10f4831078d joined personal room. Socket: bX9gcZzfCxkmr-1XAAAD
[2026-03-20T07:25:55.796Z] [Socket-SETUP] User 69774857485a231537194d64 joined personal room. Socket: XvH9rwZs6p82zODdAAAF
[2026-03-20T07:25:55.802Z] [Socket-SETUP] User 69774857485a231537194d64 joined personal room. Socket: XvH9rwZs6p82zODdAAAF
[2026-03-20T07:41:02.640Z] [Socket-SETUP] User 6996adb45e25a10f4831078d joined personal room. Socket: kDHwa8lIzHkIRNPiAAAH
[2026-03-20T07:41:04.417Z] [Socket-SETUP] User 69774857485a231537194d64 joined personal room. Socket: nhz_PuEuJlxrRZbkAAAJ
[2026-03-20T07:41:04.422Z] [Socket-SETUP] User 69774857485a231537194d64 joined personal room. Socket: nhz_PuEuJlxrRZbkAAAJ
[2026-03-20T07:45:21.861Z] [Socket-SETUP] User 6996adb45e25a10f4831078d joined personal room. Socket: A5dnnNJ8J_EncvbLAAAL
[2026-03-20T07:45:41.905Z] [Socket-SETUP] User 69774857485a231537194d64 joined personal room. Socket: WTtz_94FdhMXzq2MAAAN
[2026-03-20T07:45:41.910Z] [Socket-SETUP] User 69774857485a231537194d64 joined personal room. Socket: WTtz_94FdhMXzq2MAAAN
[2026-03-20T07:45:50.484Z] [Socket-SETUP] User 6996adb45e25a10f4831078d joined personal room. Socket: o4mE7wgYE1z2bAzcAAAP
[2026-03-20T07:46:19.765Z] [Socket-SETUP] User 6996adb45e25a10f4831078d joined personal room. Socket: 96OxrYnA0-V1Y4_GAAAR
[2026-03-20T07:46:19.775Z] [Socket-SETUP] User 6996adb45e25a10f4831078d joined personal room. Socket: 96OxrYnA0-V1Y4_GAAAR
[2026-03-20T07:46:27.559Z] [Socket-SETUP] User 6996adb45e25a10f4831078d joined personal room. Socket: sLLvQgAM9C0J_lEfAAAT
[2026-03-20T07:47:07.745Z] [Socket-SETUP] User 69774857485a231537194d64 joined personal room. Socket: R067zL_x9XPu3ZwUAAAV
[2026-03-20T07:51:07.922Z] [Socket-SETUP] User 69774857485a231537194d64 joined personal room. Socket: R067zL_x9XPu3ZwUAAAV
[2026-03-20T07:51:08.135Z] [Socket-SETUP] User 6996adb45e25a10f4831078d joined personal room. Socket: sLLvQgAM9C0J_lEfAAAT
[2026-03-20T08:06:24.571Z] [Socket-SETUP] User 6996adb45e25a10f4831078d joined personal room. Socket: d9JsibpnEy-q_wM2AAAX
[2026-03-20T08:06:24.574Z] [Socket-SETUP] User 6996adb45e25a10f4831078d joined personal room. Socket: d9JsibpnEy-q_wM2AAAX
[2026-03-20T08:06:51.490Z] [Socket-SETUP] User 69774857485a231537194d64 joined personal room. Socket: BOnpeuYqljorlaTZAAAZ
[2026-03-20T08:28:31.990Z] [Socket-SETUP] User 6996adb45e25a10f4831078d joined personal room. Socket: d9JsibpnEy-q_wM2AAAX
[2026-03-20T08:28:32.155Z] [Socket-SETUP] User 69774857485a231537194d64 joined personal room. Socket: BOnpeuYqljorlaTZAAAZ
[2026-03-20T08:30:43.209Z] [Socket-SETUP] User 6996adb45e25a10f4831078d joined personal room. Socket: q_dYGotW-HTrji7HAAAb
[2026-03-20T08:30:43.214Z] [Socket-SETUP] User 6996adb45e25a10f4831078d joined personal room. Socket: q_dYGotW-HTrji7HAAAb
[2026-03-20T08:32:21.199Z] [Socket-SETUP] User 6996adb45e25a10f4831078d joined personal room. Socket: M1PG-aVeCHAa9zzQAAAd
[2026-03-20T08:32:21.205Z] [Socket-SETUP] User 6996adb45e25a10f4831078d joined personal room. Socket: M1PG-aVeCHAa9zzQAAAd
[2026-03-20T09:27:58.888Z] [Socket-SETUP] User 69774857485a231537194d64 joined personal room. Socket: gmf8jBay6ladQyz1AACd
[2026-03-20T09:27:59.224Z] [Socket-SETUP] User 69774857485a231537194d64 joined personal room. Socket: gmf8jBay6ladQyz1AACd
[2026-03-20T09:28:01.289Z] [Socket-SETUP] User 6996adb45e25a10f4831078d joined personal room. Socket: FvH7t1PM4Lra9kdwAACf
[2026-03-20T09:28:01.311Z] [Socket-SETUP] User 6996adb45e25a10f4831078d joined personal room. Socket: FvH7t1PM4Lra9kdwAACf
[2026-03-20T09:47:29.670Z] [Socket-SETUP] User 69774857485a231537194d64 joined personal room. Socket: gmf8jBay6ladQyz1AACd
[2026-03-20T09:48:17.157Z] [Socket-SETUP] User 6996adb45e25a10f4831078d joined personal room. Socket: tnNYzxu_88fgeuZ8AACh
[2026-03-20T09:48:17.169Z] [Socket-SETUP] User 6996adb45e25a10f4831078d joined personal room. Socket: tnNYzxu_88fgeuZ8AACh
[2026-03-20T09:54:52.976Z] [Socket-SETUP] User 6996adb45e25a10f4831078d joined personal room. Socket: tnNYzxu_88fgeuZ8AACh
[2026-03-20T09:54:53.299Z] [Socket-SETUP] User 69774857485a231537194d64 joined personal room. Socket: gmf8jBay6ladQyz1AACd
[2026-03-20T10:49:34.770Z] [Socket-SETUP] User 6996adb45e25a10f4831078d joined personal room. Socket: V6G-mD_xyk2lb77uAACj
[2026-03-20T10:53:23.188Z] [Socket-SETUP] User 69774857485a231537194d64 joined personal room. Socket: GkBhxyF_3mNRFgGeAACl
[2026-03-20T11:05:50.358Z] [Socket-SETUP] User 69774857485a231537194d64 joined personal room. Socket: GkBhxyF_3mNRFgGeAACl
[2026-03-20T11:05:50.368Z] [Socket-SETUP] User 6996adb45e25a10f4831078d joined personal room. Socket: V6G-mD_xyk2lb77uAACj
[2026-03-20T11:08:24.317Z] [Socket-SETUP] User 6996adb45e25a10f4831078d joined personal room. Socket: rOSxLQzcMyDMN7SXAACn
[2026-03-23T09:46:03.119Z] [Socket-SETUP] User 69774857485a231537194d64 joined personal room. Socket: WHaqoALejZDQTyc3AAAB
[2026-03-23T09:48:13.155Z] [Socket-SETUP] User 69774857485a231537194d64 joined personal room. Socket: VktnJDAoTiKxEdE4AAAD
[2026-03-23T09:48:13.349Z] [Socket-SETUP] User 69774857485a231537194d64 joined personal room. Socket: VktnJDAoTiKxEdE4AAAD
[2026-03-23T09:58:24.772Z] [Socket-SETUP] User 69774857485a231537194d64 joined personal room. Socket: PxpFJED2cfPPhbniAAAF
[2026-03-23T10:00:22.191Z] [Socket-SETUP] User 6996adb45e25a10f4831078d joined personal room. Socket: jXNglCOWAfgLhai1AAAH
[2026-03-23T10:00:22.198Z] [Socket-SETUP] User 6996adb45e25a10f4831078d joined personal room. Socket: jXNglCOWAfgLhai1AAAH
[2026-03-23T10:07:01.403Z] [Socket-SETUP] User 6996adb45e25a10f4831078d joined personal room. Socket: BIcS9tyRPVehDihaAAAJ
[2026-03-23T10:07:01.407Z] [Socket-SETUP] User 6996adb45e25a10f4831078d joined personal room. Socket: BIcS9tyRPVehDihaAAAJ
[2026-03-23T10:20:35.753Z] [Socket-SETUP] User 697748c1485a231537194d67 joined personal room. Socket: dBIQoRa1PlTprLV6AAAL
[2026-03-23T10:25:38.575Z] [Socket-SETUP] User 697748c1485a231537194d67 joined personal room. Socket: OionIDxqGN6yaJUCAAAN
[2026-03-23T10:26:11.587Z] [Socket-SETUP] User 697748c1485a231537194d67 joined personal room. Socket: mui4149IaDr-rNkqAAAP
[2026-03-23T10:26:32.183Z] [Socket-SETUP] User 697748c1485a231537194d67 joined personal room. Socket: L7dDNt6tZyQtNvJsAAAR
[2026-03-23T10:26:49.379Z] [Socket-SETUP] User 697748c1485a231537194d67 joined personal room. Socket: 1_UK7u3hzjUuiU7oAAAT
[2026-03-23T10:29:39.023Z] [Socket-SETUP] User 69774857485a231537194d64 joined personal room. Socket: 2DgqNNncfcTHwXgtAAAV
[2026-03-23T10:32:49.584Z] [Socket-SETUP] User 69774857485a231537194d64 joined personal room. Socket: 2-FfyrAFdZUQLdKOAAAX
[2026-03-23T10:32:49.600Z] [Socket-SETUP] User 69774857485a231537194d64 joined personal room. Socket: 2-FfyrAFdZUQLdKOAAAX
[2026-03-23T10:33:24.662Z] [Socket-SETUP] User 69774857485a231537194d64 joined personal room. Socket: xxPCX7bxYP3tvqXiAAAZ
[2026-03-23T10:33:24.671Z] [Socket-SETUP] User 69774857485a231537194d64 joined personal room. Socket: xxPCX7bxYP3tvqXiAAAZ
[2026-03-23T11:45:28.125Z] [Socket-SETUP] User 6996adb45e25a10f4831078d joined personal room. Socket: noSw1lZEDR_jM-n5AAAB
[2026-03-23T11:45:28.216Z] [Socket-SETUP] User 6996adb45e25a10f4831078d joined personal room. Socket: noSw1lZEDR_jM-n5AAAB
[2026-03-23T11:49:46.991Z] [Socket-SETUP] User 6996adb45e25a10f4831078d joined personal room. Socket: 9wYejKFNn7suyXc4AAAD
